DB名,実装済み区間,何灯式,次の信号機のDB名1,次の信号機のDB名2,次の信号機のDB名3,次の信号機のDB名4,次の信号機のDB名5,,対応進路名1,対応進路名2,対応進路名3,対応進路名4,対応進路名5,対応進路名6,対応進路名7,対応進路名8,対応進路名9,対応進路名10,対応進路名11,,対応方向進路名1,対応方向進路名2,向き,防護区間軌道回路
JR浜園上り出発3R,X,なし,なし,なし,なし,なし,なし,中継信号機の場合、『次の信号機』には主信号機を指定する,,,,,,,,,,,,,,,なし,なし
JR浜園上り出発4R,X,なし,なし,なし,なし,なし,なし,,,,,,,,,,,,,,,,なし,なし
JR浜園下り出発3L,X,なし,なし,なし,なし,なし,なし,,,,,,,,,,,,,,,,なし,なし
JR浜園下り出発4L,X,なし,なし,なし,なし,なし,なし,,,,,,,,,,,,,,,,なし,なし
JR浜園場内1L,X,なし,なし,なし,なし,なし,なし,,,,,,,,,,,,,,,,なし,なし
JR浜園場内2L,X,なし,なし,なし,なし,なし,なし,,,,,,,,,,,,,,,,なし,なし
三石上り出発14R,X,なし,なし,なし,なし,なし,なし,,,,,,,,,,,,,,,,なし,なし
三石上り出発15R,X,なし,なし,なし,なし,なし,なし,,,,,,,,,,,,,,,,なし,なし
三石上り場内12R,X,なし,なし,なし,なし,なし,なし,,,,,,,,,,,,,,,,なし,なし
三石上り場内13R,X,なし,なし,なし,なし,なし,なし,,,,,,,,,,,,,,,,なし,なし
三石下り出発12L,X,なし,なし,なし,なし,なし,なし,,,,,,,,,,,,,,,,なし,なし
三石下り出発13L,X,なし,なし,なし,なし,なし,なし,,,,,,,,,,,,,,,,なし,なし
三石下り場内14L,X,なし,なし,なし,なし,なし,なし,,,,,,,,,,,,,,,,なし,なし
三石下り場内15L,X,なし,なし,なし,なし,なし,なし,,,,,,,,,,,,,,,,なし,なし
三郷上り出発13R,X,なし,なし,なし,なし,なし,なし,,,,,,,,,,,,,,,,なし,なし
三郷上り場内12R,X,なし,なし,なし,なし,なし,なし,,,,,,,,,,,,,,,,なし,なし
三郷下り出発12L,X,なし,なし,なし,なし,なし,なし,,,,,,,,,,,,,,,,なし,なし
三郷下り場内14L,X,なし,なし,なし,なし,なし,なし,,,,,,,,,,,,,,,,なし,なし
上吉沢上り出発14R,X,なし,なし,なし,なし,なし,なし,,,,,,,,,,,,,,,,なし,なし
上吉沢上り出発15R,X,なし,なし,なし,なし,なし,なし,,,,,,,,,,,,,,,,なし,なし
上吉沢上り場内12R,X,なし,なし,なし,なし,なし,なし,,,,,,,,,,,,,,,,なし,なし
上吉沢上り場内13R,X,なし,なし,なし,なし,なし,なし,,,,,,,,,,,,,,,,なし,なし
上吉沢下り出発12L,X,なし,なし,なし,なし,なし,なし,,,,,,,,,,,,,,,,なし,なし
上吉沢下り出発13L,X,なし,なし,なし,なし,なし,なし,,,,,,,,,,,,,,,,なし,なし
上吉沢下り場内14L,X,なし,なし,なし,なし,なし,なし,,,,,,,,,,,,,,,,なし,なし
上吉沢下り場内15L,X,なし,なし,なし,なし,なし,なし,,,,,,,,,,,,,,,,なし,なし
下吉沢上り出発14R,X,なし,なし,なし,なし,なし,なし,,,,,,,,,,,,,,,,なし,なし
下吉沢上り出発14R中継,X,なし,なし,なし,なし,なし,なし,,,,,,,,,,,,,,,,なし,なし
下吉沢上り出発15R,X,なし,なし,なし,なし,なし,なし,,,,,,,,,,,,,,,,なし,なし
下吉沢上り場内12R,X,なし,なし,なし,なし,なし,なし,,,,,,,,,,,,,,,,なし,なし
下吉沢上り場内13R,X,なし,なし,なし,なし,なし,なし,,,,,,,,,,,,,,,,なし,なし
下吉沢下り出発12L,X,なし,なし,なし,なし,なし,なし,,,,,,,,,,,,,,,,なし,なし
下吉沢下り出発13L,X,なし,なし,なし,なし,なし,なし,,,,,,,,,,,,,,,,なし,なし
下吉沢下り場内14L,X,なし,なし,なし,なし,なし,なし,,,,,,,,,,,,,,,,なし,なし
下吉沢下り場内15L,X,なし,なし,なし,なし,なし,なし,,,,,,,,,,,,,,,,なし,なし
二木戸上り出発13R,X,なし,なし,なし,なし,なし,なし,,,,,,,,,,,,,,,,なし,なし
二木戸上り場内12R,X,なし,なし,なし,なし,なし,なし,,,,,,,,,,,,,,,,なし,なし
二木戸下り出発12L,X,なし,なし,なし,なし,なし,なし,,,,,,,,,,,,,,,,なし,なし
二木戸下り場内14L,X,なし,なし,なし,なし,なし,なし,,,,,,,,,,,,,,,,なし,なし
名田上り出発14R,X,なし,なし,なし,なし,なし,なし,,,,,,,,,,,,,,,,なし,なし
名田上り出発15R,X,なし,なし,なし,なし,なし,なし,,,,,,,,,,,,,,,,なし,なし
名田上り場内12R,X,なし,なし,なし,なし,なし,なし,,,,,,,,,,,,,,,,なし,なし
名田上り場内13R,X,なし,なし,なし,なし,なし,なし,,,,,,,,,,,,,,,,なし,なし
名田下り出発12L,X,なし,なし,なし,なし,なし,なし,,,,,,,,,,,,,,,,なし,なし
名田下り出発13L,X,なし,なし,なし,なし,なし,なし,,,,,,,,,,,,,,,,なし,なし
名田下り場内14L,X,なし,なし,なし,なし,なし,なし,,,,,,,,,,,,,,,,なし,なし
名田下り場内15L,X,なし,なし,なし,なし,なし,なし,,,,,,,,,,,,,,,,なし,なし
大路上り出発4L,X,なし,なし,なし,なし,なし,なし,,,,,,,,,,,,,,,,なし,なし
大路上り出発5L,X,なし,なし,なし,なし,なし,なし,,,,,,,,,,,,,,,,なし,なし
大路上り場内8L,X,なし,なし,なし,なし,なし,なし,,,,,,,,,,,,,,,,なし,なし
大路上り場内9L,X,なし,なし,なし,なし,なし,なし,,,,,,,,,,,,,,,,なし,なし
大路上り場内10LB,X,なし,なし,なし,なし,なし,なし,,,,,,,,,,,,,,,,なし,なし
大路上り場内10LC,X,なし,なし,なし,なし,なし,なし,,,,,,,,,,,,,,,,なし,なし
大路下り出発6R,X,なし,なし,なし,なし,なし,なし,,,,,,,,,,,,,,,,なし,なし
大路下り出発7R,X,なし,なし,なし,なし,なし,なし,,,,,,,,,,,,,,,,なし,なし
大路下り場内2R,X,なし,なし,なし,なし,なし,なし,,,,,,,,,,,,,,,,なし,なし
大路下り場内3R,X,なし,なし,なし,なし,なし,なし,,,,,,,,,,,,,,,,なし,なし
大道寺上り出発7R,O,4灯YG式,上り閉塞166,なし,なし,なし,なし,,TH65_7R,,,,,,,,,,,,,,なし,なし
大道寺上り出発8R,O,3灯式,上り閉塞166,なし,なし,なし,なし,,TH65_8R,,,,,,,,,,,,,,なし,なし
大道寺上り出発9R,O,3灯式,上り閉塞166,なし,なし,なし,なし,,TH65_9R,,,,,,,,,,,,,,なし,なし
大道寺上り出発10R,O,3灯式,上り閉塞166,なし,なし,なし,なし,,TH65_10R,,,,,,,,,,,,,,なし,なし
大道寺上り場内1R,O,4灯YG式（距離不足）,大道寺上り場内2R,大道寺上り場内3R,大道寺上り場内4R,なし,なし,,TH65_1RTA,TH65_1RTB,TH65_1RTC,,,,,,,,,,,,なし,なし
大道寺上り場内2R,O,4灯YY式,大道寺上り出発7R,大道寺入換21R,なし,なし,なし,,TH65_2R,,,,,,,,,,,,,,なし,なし
大道寺上り場内3R,O,4灯YY式,大道寺上り出発8R,大道寺入換22R,なし,なし,なし,,TH65_3R,,,,,,,,,,,,,,なし,なし
大道寺上り場内4R,O,4灯YY式,大道寺上り出発9R,大道寺入換23R,なし,なし,なし,,TH65_4R,,,,,,,,,,,,,,なし,なし
大道寺下り出発5L,O,4灯YG式,江ノ原信号場下り場内5LD,江ノ原信号場下り場内5LE,なし,なし,なし,,TH65_5L,,,,,,,,,,,,,,なし,なし
大道寺下り出発6L,O,4灯YG式,江ノ原信号場下り場内5LD,江ノ原信号場下り場内5LE,なし,なし,なし,,TH65_6L,,,,,,,,,,,,,,なし,なし
大道寺下り場内11L,O,4灯YY式G無,大道寺下り出発5L,なし,なし,なし,なし,,TH65_11L,,,,,,,,,,,,,,なし,なし
大道寺下り場内12L,O,4灯YY式,大道寺下り出発6L,なし,なし,なし,なし,,TH65_12L,,,,,,,,,,,,,,なし,なし
大道寺下り場内13LC,O,4灯YG式,大道寺下り場内11L,なし,なし,なし,なし,,TH65_13LSC,,,,,,,,,,,,,,なし,なし
大道寺下り場内13LD,O,4灯YG式,大道寺下り場内12L,なし,なし,なし,なし,,TH65_13LSD,,,,,,,,,,,,,,なし,なし
大道寺下り場内13L中継,O,中継（灯列）,大道寺下り場内13LC,大道寺下り場内13LD,なし,なし,なし,,TH65_13LSC,TH65_13LSD,,,,,,,,,,,,,なし,なし
大道寺入換21R,O,入換信号機,なし,なし,なし,なし,なし,,TH65_21RX,TH65_21RY,,,,,,,,,,,,,なし,なし
大道寺入換22R,O,入換信号機,大道寺入換30R,なし,なし,なし,なし,,TH65_22RX,TH65_22RY,TH65_22RE,,,,,,,,,,,,なし,なし
大道寺入換23R,O,入換信号機,大道寺入換30R,なし,なし,なし,なし,,TH65_23RX,TH65_23RY,TH65_23RE,,,,,,,,,,,,なし,なし
大道寺入換24R,O,入換信号機,大道寺入換30R,なし,なし,なし,なし,,TH65_24RX,TH65_24RY,TH65_24RE,,,,,,,,,,,,なし,なし
大道寺入換25R,O,入換信号機,大道寺入換30R,なし,なし,なし,なし,,TH65_25RX,TH65_25RY,TH65_25RE,,,,,,,,,,,,なし,なし
大道寺入換26R,O,入換信号機,大道寺入換30R,なし,なし,なし,なし,,TH65_26RX,TH65_26RY,TH65_26RE,,,,,,,,,,,,なし,なし
大道寺入換27L,O,入換信号機,なし,なし,なし,なし,なし,,TH65_27L,,,,,,,,,,,,,,なし,なし
大道寺入換28L,O,入換信号機,なし,なし,なし,なし,なし,,TH65_28L,,,,,,,,,,,,,,なし,なし
大道寺入換29L,O,入換信号機,大道寺入換27L,大道寺入換28L,なし,なし,なし,,TH65_29LB,TH65_29LSC,TH65_29LSD,TH65_29L5,TH65_29L6,,,,,,,,,,なし,なし
大道寺入換30R,O,入換信号機,なし,なし,なし,なし,なし,,TH65_30R,,,,,,,,,,,,,,なし,なし
大道寺入換31L,O,入換信号機,大道寺入換27L,大道寺入換28L,なし,なし,なし,,TH65_31LA,TH65_31LB,TH65_31LSC,TH65_31LSD,TH65_31L5,TH65_31L6,,,,,,,,,なし,なし
大道寺入換32L,O,入換信号機,大道寺入換28L,大道寺入換27L,大道寺入換29L,なし,なし,,TH65_32LA,TH65_32LB,TH65_32LSC,TH65_32LSD,TH65_32LE,TH65_32L5,TH65_32L6,,,,,,,,なし,なし
新大路上り出発4L,X,4灯YG式,なし,なし,なし,なし,なし,,,,,,,,,,,,,,,,なし,なし
新大路上り出発5L,X,4灯YG式,なし,なし,なし,なし,なし,,,,,,,,,,,,,,,,なし,なし
新大路上り場内10L,X,4灯YG式,なし,なし,なし,なし,なし,,,,,,,,,,,,,,,,なし,なし
新大路上り場内11L,X,4灯YG式,なし,なし,なし,なし,なし,,,,,,,,,,,,,,,,なし,なし
新大路上り場内12LC,X,4灯YG式,なし,なし,なし,なし,なし,,,,,,,,,,,,,,,,なし,なし
新大路上り場内12LD,X,4灯YG式,なし,なし,なし,なし,なし,,,,,,,,,,,,,,,,なし,なし
新大路下り出発6R,X,4灯YG式,なし,なし,なし,なし,なし,,,,,,,,,,,,,,,,なし,なし
新大路下り出発7R,X,4灯YG式,なし,なし,なし,なし,なし,,,,,,,,,,,,,,,,なし,なし
新大路下り出発8R,X,4灯YG式,なし,なし,なし,なし,なし,,,,,,,,,,,,,,,,なし,なし
新大路下り出発9R,X,4灯YG式,なし,なし,なし,なし,なし,,,,,,,,,,,,,,,,なし,なし
新大路下り場内1RA,X,4灯YG式,なし,なし,なし,なし,なし,,,,,,,,,,,,,,,,なし,なし
新大路下り場内1RB,X,4灯YG式,なし,なし,なし,なし,なし,,,,,,,,,,,,,,,,なし,なし
新大路下り場内2R,X,4灯YG式,なし,なし,なし,なし,なし,,,,,,,,,,,,,,,,なし,なし
新大路下り場内3R,X,4灯YG式,なし,なし,なし,なし,なし,,,,,,,,,,,,,,,,なし,なし
新野崎上り出発6R,O,4灯YG式,上り閉塞136,なし,なし,なし,なし,,TH67_6R,,,,,,,,,,,,,,なし,なし
新野崎上り出発7R,O,4灯YG式,上り閉塞136,なし,なし,なし,なし,,TH67_7R,,,,,,,,,,,,,,なし,なし
新野崎上り出発8R,O,4灯YG式,上り閉塞136,なし,なし,なし,なし,,TH67_8R,,,,,,,,,,,,,,なし,なし
新野崎上り出発9R,O,4灯YG式,上り閉塞136,なし,なし,なし,なし,,TH67_9R,,,,,,,,,,,,,,なし,なし
新野崎上り場内1RA,O,2灯式,新野崎上り出発8R,なし,なし,なし,なし,,TH67_1RA,,,,,,,,,,,,,,なし,なし
新野崎上り場内1RB,O,4灯YG式,新野崎上り出発9R,なし,なし,なし,なし,,TH67_1RB,,,,,,,,,,,,,,なし,なし
新野崎下り出発2L,O,4灯YG式,下り閉塞123,なし,なし,なし,なし,,TH67_2L,,,,,,,,,,,,,,なし,なし
新野崎下り出発3L,O,4灯YG式,下り閉塞123,なし,なし,なし,なし,,TH67_3L,,,,,,,,,,,,,,なし,なし
新野崎下り場内4L,O,5灯式,新野崎下り出発2L,なし,なし,なし,なし,,TH67_4L,,,,,,,,,,,,,,なし,なし
新野崎下り場内5L,O,4灯YY式,新野崎下り出発3L,なし,なし,なし,なし,,TH67_5L,,,,,,,,,,,,,,なし,なし
新野崎下り場内10LC,O,4灯YG式,新野崎下り場内4L,なし,なし,なし,なし,,TH67_10LSC,,,,,,,,,,,,,,なし,なし
新野崎下り場内10LD,O,2灯式,新野崎下り場内5L,なし,なし,なし,なし,,TH67_10LSD,,,,,,,,,,,,,,なし,なし
新野崎入換21L,O,入換信号機,なし,なし,なし,なし,なし,,TH67_21L,,,,,,,,,,,,,,なし,なし
新野崎入換22L,O,入換信号機,なし,なし,なし,なし,なし,,TH67_22L,,,,,,,,,,,,,,なし,なし
新野崎入換23R,O,入換信号機,なし,なし,なし,なし,なし,,TH67_23R,,,,,,,,,,,,,,なし,なし
新野崎入換24R,O,入換信号機,なし,なし,なし,なし,なし,,TH67_24R,,,,,,,,,,,,,,なし,なし
新野崎入換25L,O,入換信号機,新野崎入換21L,新野崎入換22L,なし,なし,なし,,TH67_25LC,TH67_25LD,,,,,,,,,,,,,なし,なし
日野森上り出発5R,O,4灯YG式,上り閉塞238,なし,なし,なし,なし,,TH61_5R,,,,,,,,,,,,,,なし,なし
日野森上り場内2RA,O,2灯式,なし,なし,なし,なし,なし,,TH61_2RA,,,,,,,,,,,,,,なし,なし
日野森上り場内2RB,O,4灯YG式,日野森上り出発5R,なし,なし,なし,なし,,TH61_2RB,,,,,,,,,,,,,,なし,なし
日野森下り出発3L,O,4灯YG式,下り閉塞227,なし,なし,なし,なし,,TH61_3L,,,,,,,,,,,,,,なし,なし
日野森下り出発4L,O,4灯YG式,下り閉塞227,なし,なし,なし,なし,,TH61_4L,,,,,,,,,,,,,,なし,なし
日野森下り場内6L,O,4灯YG式,日野森下り出発4L,なし,なし,なし,なし,,TH61_6L,,,,,,,,,,,,,,なし,なし
東井上り出発5R,X,4灯YG式,なし,なし,なし,なし,なし,,,,,,,,,,,,,,,,なし,なし
東井上り出発6R,X,4灯YG式,なし,なし,なし,なし,なし,,,,,,,,,,,,,,,,なし,なし
東井上り出発7R,X,4灯YG式,なし,なし,なし,なし,なし,,,,,,,,,,,,,,,,なし,なし
東井上り場内1R,X,4灯YG式,なし,なし,なし,なし,なし,,,,,,,,,,,,,,,,なし,なし
東井下り出発2L,X,4灯YG式,なし,なし,なし,なし,なし,,,,,,,,,,,,,,,,なし,なし
東井下り出発3L,X,4灯YG式,なし,なし,なし,なし,なし,,,,,,,,,,,,,,,,なし,なし
東井下り出発4L,X,4灯YG式,なし,なし,なし,なし,なし,,,,,,,,,,,,,,,,なし,なし
東井下り場内8L,X,4灯YG式,なし,なし,なし,なし,なし,,,,,,,,,,,,,,,,なし,なし
東井下り場内9L,X,4灯YG式,なし,なし,なし,なし,なし,,,,,,,,,,,,,,,,なし,なし
水越上り出発14R,O,3灯式,上り閉塞200,なし,なし,なし,なし,,TH63_14R,,,,,,,,,,,,,,なし,なし
水越上り出発15R,O,4灯YG式,上り閉塞200,なし,なし,なし,なし,,TH63_15R,,,,,,,,,,,,,,なし,なし
水越上り出発15R中継,O,中継（灯列）,水越上り出発15R,なし,なし,なし,なし,,TH63_15R,,,,,,,,,,,,,,なし,なし
水越上り場内12R,O,3灯式,水越上り出発14R,なし,なし,なし,なし,,TH63_12R,,,,,,,,,,,,,,なし,なし
水越上り場内13R,O,5灯式,水越上り出発15R,なし,なし,なし,なし,,TH63_13R,,,,,,,,,,,,,,なし,なし
水越下り出発12L,O,3灯式,下り閉塞193,なし,なし,なし,なし,,TH63_12L,,,,,,,,,,,,,,なし,なし
水越下り出発13L,O,4灯YG式,下り閉塞193,なし,なし,なし,なし,,TH63_13L,,,,,,,,,,,,,,なし,なし
水越下り出発13L中継,O,中継（灯列）,水越下り出発13L,なし,なし,なし,なし,,TH63_13L,,,,,,,,,,,,,,なし,なし
水越下り場内14L,O,4灯YY式,水越下り出発12L,なし,なし,なし,なし,,TH63_14L,,,,,,,,,,,,,,なし,なし
水越下り場内15L,O,4灯YG式,水越下り出発13L,なし,なし,なし,なし,,TH63_15L,,,,,,,,,,,,,,なし,なし
江ノ原信号場入換11R,O,入換信号機,江ノ原信号場入換13R,なし,なし,なし,なし,,TH66S_11R,,,,,,,,,,,,,,なし,なし
江ノ原信号場入換13R,O,入換信号機,なし,なし,なし,なし,なし,,TH66S_13RA,TH66S_13RB,,,,,,,,,,,,,なし,なし
江ノ原信号場入換15L,O,入換信号機,なし,なし,なし,なし,なし,,TH66S_15LN,TH66S_15L1,TH66S_15L2,TH66S_15L3,TH66S_15L4,TH66S_15L5,TH66S_15L6,TH66S_15L7,TH66S_15L8,TH66S_15L9,TH66S_15L13,,,,なし,なし
江ノ原信号場入換16L,O,入換信号機,なし,なし,なし,なし,なし,,TH66S_16LN,TH66S_16L1,TH66S_16L2,TH66S_16L3,TH66S_16L4,TH66S_16L5,TH66S_16L6,TH66S_16L7,TH66S_16L8,TH66S_16L9,TH66S_16L13,,,,なし,なし
江ノ原信号場上り出発2R,O,3灯式,上り閉塞156,なし,なし,なし,なし,,TH66S_2R,,,,,,,,,,,,,,なし,なし
江ノ原信号場上り場内1RA,O,2灯式,なし,なし,なし,なし,なし,,TH66S_1RA,,,,,,,,,,,,,,なし,なし
江ノ原信号場上り場内1RB,O,2灯式,なし,なし,なし,なし,なし,,TH66S_1RB,,,,,,,,,,,,,,なし,なし
江ノ原信号場上り場内1RC,O,4灯YG式,上り閉塞156,なし,なし,なし,なし,,TH66S_1RC,,,,,,,,,,,,,,なし,なし
江ノ原信号場下り出発3L,O,3灯式,下り閉塞151,なし,なし,なし,なし,,TH66S_3L,,,,,,,,,,,,,,なし,なし
江ノ原信号場下り出発4L,O,3灯式,下り閉塞151,なし,なし,なし,なし,,TH66S_4L,,,,,,,,,,,,,,なし,なし
江ノ原信号場下り場内5LD,O,2灯式,なし,なし,なし,なし,なし,,TH66S_5LD,,,,,,,,,,,,,,なし,なし
江ノ原信号場下り場内5LE,O,4灯YG式,下り閉塞151,なし,なし,なし,なし,,TH66S_5LE,,,,,,,,,,,,,,なし,なし
江ノ原信号場内入換,O,入換信号機,なし,なし,なし,なし,なし,,,,,,,,,,,,,,,,なし,なし
津崎上り出発4R,O,4灯YG式,上り閉塞86,なし,なし,なし,なし,,TH71_4R,,,,,,,,,,,,,,なし,なし
津崎上り出発5R,O,4灯YG式,上り閉塞86,なし,なし,なし,なし,,TH71_5R,,,,,,,,,,,,,,なし,なし
津崎上り場内1RA,O,2灯式,津崎上り出発4R,なし,なし,なし,なし,,TH71_1RA,,,,,,,,,,,,,,なし,なし
津崎上り場内1RB,O,4灯YG式,津崎上り出発5R,なし,なし,なし,なし,,TH71_1RB,,,,,,,,,,,,,,なし,なし
津崎上り場内1R中継,O,中継（灯列）,津崎上り場内1RA,津崎上り場内1RB,なし,なし,なし,,TH71_1RA,TH71_1RB,,,,,,,,,,,,,なし,なし
津崎下り出発2L,O,4灯YG式,下り閉塞75,なし,なし,なし,なし,,TH71_2L,,,,,,,,,,,,,,なし,なし
津崎下り出発2L中継,O,中継（灯列）,津崎下り出発2L,なし,なし,なし,なし,,TH71_2L,,,,,,,,,,,,,,なし,なし
津崎下り出発3L,O,4灯YG式,下り閉塞75,なし,なし,なし,なし,,TH71_3L,,,,,,,,,,,,,,なし,なし
津崎上り出発5R中継,O,中継（灯列）,津崎上り出発5R,なし,なし,なし,なし,,TH71_5R,,,,,,,,,,,,,,なし,なし
津崎下り場内6LC,O,4灯YG式,津崎下り出発2L,なし,なし,なし,なし,,TH71_6LC,,,,,,,,,,,,,,なし,なし
津崎下り場内6LD,O,2灯式,津崎下り出発3L,なし,なし,なし,なし,,TH71_6LD,,,,,,,,,,,,,,なし,なし
津崎下り場内6L中継,O,中継（灯列）,津崎下り場内6LC,津崎下り場内6LD,なし,なし,なし,,TH71_6LC,TH71_6LD,,,,,,,,,,,,,なし,なし
浜園上り出発3R中継,O,4灯YG式,浜園上り出発3R,なし,なし,なし,なし,,TH70_3R,,,,,,,,,,,,,,なし,なし
浜園上り出発3R,O,4灯YG式,上り閉塞102,なし,なし,なし,なし,,TH70_3R,,,,,,,,,,,,,,なし,なし
浜園上り出発4R,O,4灯YG式,上り閉塞102,なし,なし,なし,なし,,TH70_4R,,,,,,,,,,,,,,なし,なし
浜園上り場内1R,O,4灯YG式,浜園上り出発3R,なし,なし,なし,なし,,TH70_1R,,,,,,,,,,,,,,なし,なし
浜園上り場内1R中継,O,4灯YG式,浜園上り場内1R,なし,なし,なし,なし,,TH70_1R,,,,,,,,,,,,,,なし,なし
浜園下り出発2L,O,4灯YG式,下り閉塞89,なし,なし,なし,なし,,TH70_2L,,,,,,,,,,,,,,なし,なし
浜園下り出発2L中継,O,4灯YG式,浜園下り出発2L,なし,なし,なし,なし,,TH70_2L,,,,,,,,,,,,,,なし,なし
浜園下り場内5L,O,4灯YG式,浜園下り出発2L,なし,なし,なし,なし,,TH70_5L,,,,,,,,,,,,,,なし,なし
浜園入換11R,O,入換信号機,なし,なし,なし,なし,なし,,TH70_11R,,,,,,,,,,,,,,なし,なし
浜園入換12L,O,入換信号機,なし,なし,なし,なし,なし,,TH70_12L,,,,,,,,,,,,,,なし,なし
珠川上り出発11R,X,4灯YG式,なし,なし,なし,なし,なし,,,,,,,,,,,,,,,,なし,なし
珠川下り出発11L,X,4灯YG式,なし,なし,なし,なし,なし,,,,,,,,,,,,,,,,なし,なし
藤江上り出発14R,O,3灯式,上り閉塞188,なし,なし,なし,なし,,TH64_14R,,,,,,,,,,,,,,なし,なし
藤江上り出発15R,O,4灯YG式,上り閉塞188,なし,なし,なし,なし,,TH64_15R,,,,,,,,,,,,,,なし,なし
藤江上り出発15R中継,O,中継（灯列）,藤江上り出発15R,なし,なし,なし,なし,,TH64_15R,,,,,,,,,,,,,,なし,なし
藤江上り場内12R,O,3灯式,藤江上り出発14R,なし,なし,なし,なし,,TH64_12R,,,,,,,,,,,,,,なし,なし
藤江上り場内13R,O,4灯YG式,藤江上り出発15R,なし,なし,なし,なし,,TH64_13R,,,,,,,,,,,,,,なし,なし
藤江下り出発12L,O,4灯YG式,下り閉塞177,なし,なし,なし,なし,,TH64_12L,,,,,,,,,,,,,,なし,なし
藤江下り出発13L,O,4灯YG式,下り閉塞177,なし,なし,なし,なし,,TH64_13L,,,,,,,,,,,,,,なし,なし
藤江下り出発13L中継,O,中継（灯列）,藤江下り出発13L,なし,なし,なし,なし,,TH64_13L,,,,,,,,,,,,,,なし,なし
藤江下り場内14L,O,3灯式,藤江下り出発12L,なし,なし,なし,なし,,TH64_14L,,,,,,,,,,,,,,なし,なし
藤江下り場内15L,O,4灯YG式,藤江下り出発13L,なし,なし,なし,なし,,TH64_15L,,,,,,,,,,,,,,なし,なし
西赤山上り出発13R,O,4灯YG式,上り閉塞258,なし,なし,なし,なし,,TH59_13R,,,,,,,,,,,,,,なし,なし
西赤山上り場内11R,O,4灯YG式,西赤山上り出発13R,なし,なし,なし,なし,,TH59_11R,,,,,,,,,,,,,,なし,なし
西赤山下り出発12L,O,4灯YG式,下り閉塞249,なし,なし,なし,なし,,TH59_12L,,,,,,,,,,,,,,なし,なし
西赤山下り場内13L,O,4灯YG式,西赤山下り出発12L,なし,なし,なし,なし,,TH59_13L,,,,,,,,,,,,,,なし,なし
赤山町上り出発6R,O,3灯式,上り閉塞282,なし,なし,なし,なし,,TH58_6R,,,,,,,,,,,,,,なし,なし
赤山町上り出発7R,O,3灯式,上り閉塞282,なし,なし,なし,なし,,TH58_7R,,,,,,,,,,,,,,なし,なし
赤山町上り出発8R,O,3灯式,上り閉塞282,なし,なし,なし,なし,,TH58_8R,,,,,,,,,,,,,,なし,なし
赤山町上り場内2RA,O,3灯式,赤山町上り出発6R,なし,なし,なし,なし,,TH58_2RA,,,,,,,,,,,,,,なし,なし
赤山町上り場内2RB,O,5灯式,赤山町上り出発7R,なし,なし,なし,なし,,TH58_2RB,,,,,,,,,,,,,,,
赤山町上り場内2RC,O,4灯YY式,赤山町上り出発8R,なし,なし,なし,なし,,TH58_2RC,,,,,,,,,,,,,,,
赤山町下り出発3L,O,3灯式,下り閉塞277,なし,なし,なし,なし,,TH58_3L,,,,,,,,,,,,,,なし,なし
赤山町下り出発4L,O,3灯式,下り閉塞277,なし,なし,なし,なし,,TH58_4L,,,,,,,,,,,,,,なし,なし
赤山町下り出発5L,O,3灯式,下り閉塞277,なし,なし,なし,なし,,TH58_5L,,,,,,,,,,,,,,なし,なし
赤山町下り場内9L,O,4灯YG式,赤山町下り出発3L,赤山町下り出発4L,赤山町下り出発5L,なし,なし,,TH58_9LA,TH58_9LB,TH58_9LC,,,,,,,,,,,,なし,なし
赤山町入換31R,O,入換信号機,なし,なし,なし,なし,なし,,TH58_31RD,TH58_31RE,,,,,,,,,,,,,なし,なし
赤山町入換32L,O,入換信号機,なし,なし,なし,なし,なし,,TH58_32L,,,,,,,,,,,,,,なし,なし
赤山町入換33L,O,入換信号機,なし,なし,なし,なし,なし,,TH58_33L,,,,,,,,,,,,,,なし,なし
館浜上り出発1R,O,4灯YG式,上り閉塞6,なし,なし,なし,なし,,TH76_1R,,,,,,,,,,,,,,なし,なし
館浜上り出発2R,O,4灯YG式,上り閉塞6,なし,なし,なし,なし,,TH76_2R,,,,,,,,,,,,,,なし,なし
館浜上り出発3R,O,4灯YG式,上り閉塞6,なし,なし,なし,なし,,TH76_3R,,,,,,,,,,,,,,なし,なし
館浜上り出発4R,O,4灯YG式,上り閉塞6,なし,なし,なし,なし,,TH76_4R,,,,,,,,,,,,,,なし,なし
館浜下り場内5L,O,2灯式,なし,なし,なし,なし,なし,,TH76_5LA,TH76_5LB,TH76_5LC,TH76_5LD,,,,,,,,,,,なし,なし
館浜下り場内5L中継2,O,中継（灯列）,館浜下り場内5L,なし,なし,なし,なし,,TH76_5LA,TH76_5LB,TH76_5LC,TH76_5LD,,,,,,,,,,,なし,なし
駒野上り出発7R,O,4灯YG式,上り閉塞26,なし,なし,なし,なし,,TH75_7R,,,,,,,,,,,,,,なし,なし
駒野上り出発8R,O,4灯YG式,上り閉塞26,なし,なし,なし,なし,,TH75_8R,,,,,,,,,,,,,,なし,なし
駒野上り出発8R中継,O,中継（灯列）,駒野上り出発8R,なし,なし,なし,なし,,TH75_8R,,,,,,,,,,,,,,なし,なし
駒野上り場内1RD,O,2灯式,なし,なし,なし,なし,なし,,TH75_1RD5,TH75_1RD6,,,,,,,,,,,,,なし,なし
駒野上り場内1RE,O,4灯YG式,駒野上り場内5RA,駒野上り場内5RB,なし,なし,なし,,TH75_1RE,,,,,,,,,,,,,,なし,なし
駒野上り場内5RA,O,2灯式,駒野上り出発7R,なし,なし,なし,なし,,TH75_5RA,,,,,,,,,,,,,,なし,なし
駒野上り場内5RB,O,4灯YG式,駒野上り出発8R,なし,なし,なし,なし,,TH75_5RB,,,,,,,,,,,,,,なし,なし
駒野下り出発3L,O,3灯式,下り閉塞9,なし,なし,なし,なし,,TH75_3L,,,,,,,,,,,,,,なし,なし
駒野下り出発4L,O,3灯式,下り閉塞9,なし,なし,なし,なし,,TH75_4L,,,,,,,,,,,,,,なし,なし
駒野下り出発6L,O,4灯YG式,駒野下り第二出発2L,なし,なし,なし,なし,,TH75_6L,,,,,,,,,,,,,,なし,なし
駒野下り出発6L中継,O,中継（灯列）,駒野下り出発6L,なし,なし,なし,なし,,TH75_6L,,,,,,,,,,,,,,なし,なし
駒野下り場内9LB,O,2灯式,なし,なし,なし,なし,なし,,TH75_9LA,TH75_9LB,,,,,,,,,,,,,なし,なし
駒野下り場内9LC,O,4灯YG式,駒野下り出発6L,なし,なし,なし,なし,,TH75_9LC,,,,,,,,,,,,,,なし,なし
駒野下り場内9L中継,O,中継（灯列）,駒野下り場内9LB,駒野下り場内9LC,なし,なし,なし,,TH75_9LA,TH75_9LB,TH75_9LC,,,,,,,,,,,,なし,なし
駒野下り第二出発2L,O,4灯YG式,下り閉塞9,なし,なし,なし,なし,,TH75_2L,,,,,,,,,,,,,,なし,なし
駒野入換11R,O,入換信号機,駒野入換13R,駒野入換25R,駒野入換26R,なし,なし,,TH75_11RD5,TH75_11RD6,TH75_11RE,,,,,,,,,,,,なし,なし
駒野入換12L,O,入換信号機,なし,なし,なし,なし,なし,,TH75_12L,,,,,,,,,,,,,,なし,なし
駒野入換13R,O,入換信号機,なし,なし,なし,なし,なし,,TH75_13RA,TH75_13RB,,,,,,,,,,,,,なし,なし
駒野入換14L,O,入換信号機,駒野入換12L,なし,なし,なし,なし,,TH75_14L,,,,,,,,,,,,,,なし,なし
駒野入換15L,O,入換信号機,駒野入換34L,駒野入換35L,駒野入換36L,なし,なし,,TH75_15L4,TH75_15LD5,TH75_15LD6,,,,,,,,,,,,なし,なし
駒野入換24R,O,入換信号機,なし,なし,なし,なし,なし,,TH75_24R,,,,,,,,,,,,,,なし,なし
駒野入換25R,O,入換信号機,なし,なし,なし,なし,なし,,TH75_25R,,,,,,,,,,,,,,なし,なし
駒野入換26R,O,入換信号機,なし,なし,なし,なし,なし,,TH75_26R,,,,,,,,,,,,,,なし,なし
駒野入換27R,O,入換信号機,駒野入換24R,駒野入換25R,駒野入換26R,なし,なし,,TH75_27R4,TH75_27RD5,TH75_27RD6,,,,,,,,,,,,なし,なし
駒野入換28R,O,入換信号機,駒野入換25R,駒野入換26R,なし,なし,なし,,TH75_28RD5,TH75_28RD6,,,,,,,,,,,,,なし,なし
駒野入換29R,O,入換信号機,駒野入換25R,駒野入換26R,なし,なし,なし,,TH75_29RD5,TH75_29RD6,,,,,,,,,,,,,なし,なし
駒野入換34L,O,入換信号機,なし,なし,なし,なし,なし,,TH75_34L,,,,,,,,,,,,,,なし,なし
駒野入換35L,O,入換信号機,なし,なし,なし,なし,なし,,TH75_35L7,TH75_35L8,TH75_35L9,TH75_35LT,,,,,,,,,,,なし,なし
駒野入換36L,O,入換信号機,なし,なし,なし,なし,なし,,TH75_36L7,TH75_36L8,TH75_36L9,TH75_36LT,,,,,,,,,,,なし,なし
高見沢上り出発14R,O,3灯式,上り閉塞218,なし,なし,なし,なし,,TH62_14R,,,,,,,,,,,,,,なし,なし
高見沢上り出発15R,O,3灯式,上り閉塞218,なし,なし,なし,なし,,TH62_15R,,,,,,,,,,,,,,なし,なし
高見沢上り場内12R,O,3灯式,高見沢上り出発14R,なし,なし,なし,なし,,TH62_12R,,,,,,,,,,,,,,なし,なし
高見沢上り場内13R,O,3灯式,高見沢上り出発15R,なし,なし,なし,なし,,TH62_13R,,,,,,,,,,,,,,なし,なし
高見沢下り出発12L,O,3灯式,下り閉塞209,なし,なし,なし,なし,,TH62_12L,,,,,,,,,,,,,,なし,なし
高見沢下り出発13L,O,3灯式,下り閉塞209,なし,なし,なし,なし,,TH62_13L,,,,,,,,,,,,,,なし,なし
高見沢下り場内14L,O,3灯式,高見沢下り出発12L,高見沢下り出発13L,なし,なし,なし,,TH62_14L,,,,,,,,,,,,,,なし,なし
高見沢下り場内15L,O,3灯式,高見沢下り出発12L,高見沢下り出発13L,なし,なし,なし,,TH62_15L,,,,,,,,,,,,,,なし,なし
上り閉塞6,O,4灯YG式,上り閉塞8,なし,なし,なし,なし,,,,,,,,,,,,,,,,なし,なし
上り閉塞8中継,O,中継（色灯4灯YG式）,上り閉塞8,なし,なし,なし,なし,,,,,,,,,,,,,,,,なし,なし
上り閉塞8,O,4灯YG式,駒野上り場内1RD,駒野上り場内1RE,なし,なし,なし,,,,,,,,,,,,,,,,なし,なし
上り閉塞26,O,4灯YG式,上り閉塞30,なし,なし,なし,なし,,,,,,,,,,,,,,,,なし,なし
上り閉塞30,O,4灯YG式,上り閉塞36,なし,なし,なし,なし,,,,,,,,,,,,,,,,なし,なし
上り閉塞36,O,4灯YG式,上り閉塞42,なし,なし,なし,なし,,,,,,,,,,,,,,,,なし,なし
上り閉塞42中継,O,4灯YG式,上り閉塞42,なし,なし,なし,なし,,,,,,,,,,,,,,,,なし,なし
上り閉塞42,O,4灯YG式,上り閉塞48,なし,なし,なし,なし,,,,,,,,,,,,,,,,なし,なし
上り閉塞48中継,O,4灯YG式,上り閉塞48,なし,なし,なし,なし,,,,,,,,,,,,,,,,なし,なし
上り閉塞48,O,4灯YG式,上り閉塞56,なし,なし,なし,なし,,,,,,,,,,,,,,,,なし,なし
上り閉塞56,O,4灯YG式,上り閉塞62,なし,なし,なし,なし,,,,,,,,,,,,,,,,なし,なし
上り閉塞62,O,4灯YG式,上り閉塞68,なし,なし,なし,なし,,,,,,,,,,,,,,,,なし,なし
上り閉塞68,O,4灯YG式,上り閉塞74,なし,なし,なし,なし,,,,,,,,,,,,,,,,なし,なし
上り閉塞74,O,4灯YG式,津崎上り場内1RA,津崎上り場内1RB,なし,なし,なし,,,,,,,,,,,,,,,,なし,なし
上り閉塞86,O,4灯YG式,上り閉塞92,なし,なし,なし,なし,,,,,,,,,,,,,,,,なし,なし
上り閉塞92,O,4灯YG式,浜園上り場内1R,なし,なし,なし,なし,,,,,,,,,,,,,,,,なし,なし
上り閉塞102,O,4灯YG式,上り閉塞108,なし,なし,なし,なし,,,,,,,,,,,,,,,,なし,なし
上り閉塞108,O,4灯YG式,上り閉塞114,なし,なし,なし,なし,,,,,,,,,,,,,,,,なし,なし
上り閉塞114,O,4灯YG式,上り閉塞120,なし,なし,なし,なし,,,,,,,,,,,,,,,,なし,なし
上り閉塞120,O,4灯YG式,上り閉塞124,なし,なし,なし,なし,,,,,,,,,,,,,,,,なし,なし
上り閉塞124,O,4灯YG式,新野崎上り場内1RA,新野崎上り場内1RB,なし,なし,なし,,,,,,,,,,,,,,,,なし,なし
上り閉塞124中継,O,中継（灯列）,上り閉塞124,なし,なし,なし,なし,,,,,,,,,,,,,,,,なし,なし
上り閉塞136,O,4灯YG式,上り閉塞142,なし,なし,なし,なし,,,,,,,,,,,,,,,,なし,なし
上り閉塞142,O,4灯YG式,上り閉塞146,なし,なし,なし,なし,,,,,,,,,,,,,,,,なし,なし
上り閉塞142中継,O,中継（灯列）,上り閉塞142,なし,なし,なし,なし,,,,,,,,,,,,,,,,なし,なし
上り閉塞146,O,4灯YG式,江ノ原信号場上り場内1RA,江ノ原信号場上り場内1RB,江ノ原信号場上り場内1RC,なし,なし,,,,,,,,,,,,,,,,なし,なし
上り閉塞156,O,4灯YG式,大道寺上り場内1R,なし,なし,なし,なし,,,,,,,,,,,,,,,,なし,なし
上り閉塞166,O,3灯式,上り閉塞172,なし,なし,なし,なし,,,,,,,,,,,,,,TH65_14F,TH64_11F,R,DF1T
上り閉塞166中継,O,中継（色灯3灯式）,上り閉塞166,なし,なし,なし,なし,,,,,,,,,,,,,,,,なし,なし
上り閉塞172,O,3灯式,藤江上り場内12R,藤江上り場内13R,なし,なし,なし,,,,,,,,,,,,,,TH65_14F,TH64_11F,R,DF2T
上り閉塞188,O,3灯式,水越上り場内12R,水越上り場内13R,なし,なし,なし,,,,,,,,,,,,,,TH64_16F,TH63_11F,R,FMT
上り閉塞200,O,3灯式,上り閉塞204,なし,なし,なし,なし,,,,,,,,,,,,,,TH63_16F,TH62_11F,R,MT1T
上り閉塞204,O,3灯式,高見沢上り場内12R,高見沢上り場内13R,なし,なし,なし,,,,,,,,,,,,,,TH63_16F,TH62_11F,R,MT2T
上り閉塞218,O,3灯式,上り閉塞224,なし,なし,なし,なし,,,,,,,,,,,,,,TH62_16F,TH61_1F,R,TH1T
上り閉塞224,O,3灯式,日野森上り場内2RA,日野森上り場内2RB,なし,なし,なし,,,,,,,,,,,,,,TH62_16F,TH61_1F,R,TH2T
上り閉塞238,O,4灯YG式,上り閉塞242,なし,なし,なし,なし,,,,,,,,,,,,,,,,なし,なし
上り閉塞242,O,4灯YG式,上り閉塞246,なし,なし,なし,なし,,,,,,,,,,,,,,,,なし,なし
上り閉塞246,O,4灯YG式,上り閉塞250,なし,なし,なし,なし,,,,,,,,,,,,,,,,なし,なし
上り閉塞250,O,4灯YG式,西赤山上り場内11R,なし,なし,なし,なし,,,,,,,,,,,,,,,,なし,なし
上り閉塞258,O,3灯式,上り閉塞268,なし,なし,なし,なし,,,,,,,,,,,,,,TH59_14F,TH58_1F,R,NA1T
上り閉塞268,O,3灯式,赤山町上り場内2RA,赤山町上り場内2RB,赤山町上り場内2RC,なし,なし,,,,,,,,,,,,,,TH59_14F,TH58_1F,R,NA2T
上り閉塞282,X,3灯式,上り閉塞288,なし,なし,なし,なし,,,,,,,,,,,,,,,,なし,なし
上り閉塞288,X,3灯式,三郷上り場内12R,なし,なし,なし,なし,,,,,,,,,,,,,,,,なし,なし
上り閉塞306,X,なし,なし,なし,なし,なし,なし,,,,,,,,,,,,,,,,なし,なし
上り閉塞312,X,なし,なし,なし,なし,なし,なし,,,,,,,,,,,,,,,,なし,なし
上り閉塞314,X,なし,なし,なし,なし,なし,なし,,,,,,,,,,,,,,,,なし,なし
上り閉塞320,X,なし,なし,なし,なし,なし,なし,,,,,,,,,,,,,,,,なし,なし
上り閉塞324,X,なし,なし,なし,なし,なし,なし,,,,,,,,,,,,,,,,なし,なし
上り閉塞334,X,なし,なし,なし,なし,なし,なし,,,,,,,,,,,,,,,,なし,なし
上り閉塞336,X,なし,なし,なし,なし,なし,なし,,,,,,,,,,,,,,,,なし,なし
上り閉塞346,X,なし,なし,なし,なし,なし,なし,,,,,,,,,,,,,,,,なし,なし
上り閉塞360,X,なし,なし,なし,なし,なし,なし,,,,,,,,,,,,,,,,なし,なし
上り閉塞372,X,なし,なし,なし,なし,なし,なし,,,,,,,,,,,,,,,,なし,なし
上り閉塞384,X,なし,なし,なし,なし,なし,なし,,,,,,,,,,,,,,,,なし,なし
上り閉塞398,X,なし,なし,なし,なし,なし,なし,,,,,,,,,,,,,,,,なし,なし
上り閉塞404,X,なし,なし,なし,なし,なし,なし,,,,,,,,,,,,,,,,なし,なし
上り閉塞406,X,なし,なし,なし,なし,なし,なし,,,,,,,,,,,,,,,,なし,なし
上り閉塞416,X,なし,なし,なし,なし,なし,なし,,,,,,,,,,,,,,,,なし,なし
上り閉塞420,X,なし,なし,なし,なし,なし,なし,,,,,,,,,,,,,,,,なし,なし
上り閉塞424,X,なし,なし,なし,なし,なし,なし,,,,,,,,,,,,,,,,なし,なし
下り閉塞7,O,4灯YY式G無,館浜下り場内5L,なし,なし,なし,なし,,,,,,,,,,,,,,,,なし,なし
下り閉塞7中継,O,中継（色灯4灯YY式G無）,下り閉塞7,なし,なし,なし,なし,,,,,,,,,,,,,,,,なし,なし
下り閉塞9,O,4灯YG式（距離不足）,下り閉塞7,なし,なし,なし,なし,,,,,,,,,,,,,,,,なし,なし
下り閉塞27,O,4灯YG式,駒野下り場内9LB,駒野下り場内9LC,なし,なし,なし,,,,,,,,,,,,,,,,なし,なし
下り閉塞35,O,4灯YG式,下り閉塞27,なし,なし,なし,なし,,,,,,,,,,,,,,,,なし,なし
下り閉塞41,O,4灯YG式,下り閉塞35,なし,なし,なし,なし,,,,,,,,,,,,,,,,なし,なし
下り閉塞45,O,4灯YG式,下り閉塞41,なし,なし,なし,なし,,,,,,,,,,,,,,,,なし,なし
下り閉塞49,O,4灯YG式,下り閉塞45,なし,なし,なし,なし,,,,,,,,,,,,,,,,なし,なし
下り閉塞55,O,4灯YG式,下り閉塞49,なし,なし,なし,なし,,,,,,,,,,,,,,,,なし,なし
下り閉塞59,O,4灯YG式,下り閉塞55,なし,なし,なし,なし,,,,,,,,,,,,,,,,なし,なし
下り閉塞67,O,4灯YG式,下り閉塞59,なし,なし,なし,なし,,,,,,,,,,,,,,,,なし,なし
下り閉塞71,O,4灯YG式,下り閉塞67,なし,なし,なし,なし,,,,,,,,,,,,,,,,なし,なし
下り閉塞75,O,4灯YG式,下り閉塞71,なし,なし,なし,なし,,,,,,,,,,,,,,,,なし,なし
下り閉塞89,O,4灯YG式,津崎下り場内6LC,津崎下り場内6LD,なし,なし,なし,,,,,,,,,,,,,,,,なし,なし
下り閉塞103,O,4灯YG式,浜園下り場内5L,なし,なし,なし,なし,,,,,,,,,,,,,,,,なし,なし
下り閉塞105,O,4灯YG式,下り閉塞103,なし,なし,なし,なし,,,,,,,,,,,,,,,,なし,なし
下り閉塞111,O,4灯YG式,下り閉塞105,なし,なし,なし,なし,,,,,,,,,,,,,,,,なし,なし
下り閉塞117,O,4灯YG式,下り閉塞111,なし,なし,なし,なし,,,,,,,,,,,,,,,,なし,なし
下り閉塞117中継,O,中継（灯列）,下り閉塞117,なし,なし,なし,なし,,,,,,,,,,,,,,,,なし,なし
下り閉塞123,O,4灯YG式,下り閉塞117,なし,なし,なし,なし,,,,,,,,,,,,,,,,なし,なし
下り閉塞137,O,4灯YG式,新野崎下り場内10LC,新野崎下り場内10LD,なし,なし,なし,,,,,,,,,,,,,,,,なし,なし
下り閉塞143,O,4灯YG式,下り閉塞137,なし,なし,なし,なし,,,,,,,,,,,,,,,,なし,なし
下り閉塞145,O,4灯YG式,下り閉塞143,なし,なし,なし,なし,,,,,,,,,,,,,,,,なし,なし
下り閉塞151,O,4灯YG式,下り閉塞145,なし,なし,なし,なし,,,,,,,,,,,,,,,,なし,なし
下り閉塞171,O,4灯YG式,大道寺下り場内13LC,大道寺下り場内13LD,なし,なし,なし,,,,,,,,,,,,,,TH65_14F,TH64_11F,L,DF1T
下り閉塞177,O,4灯YG式,下り閉塞171,なし,なし,なし,なし,,,,,,,,,,,,,,TH65_14F,TH64_11F,L,DF2T
下り閉塞193,O,4灯YG式,藤江下り場内14L,藤江下り場内15L,なし,なし,なし,,,,,,,,,,,,,,TH64_16F,TH63_11F,L,FMT
下り閉塞203,O,4灯YG式,水越下り場内15L,水越下り場内14L,なし,なし,なし,,,,,,,,,,,,,,TH63_16F,TH62_11F,L,MT1T
下り閉塞209,O,3灯式,下り閉塞203,なし,なし,なし,なし,,,,,,,,,,,,,,TH63_16F,TH62_11F,L,MT2T
下り閉塞223,O,3灯式,高見沢下り場内14L,高見沢下り場内15L,なし,なし,なし,,,,,,,,,,,,,,TH62_16F,TH61_1F,L,TH1T
下り閉塞227,O,3灯式,下り閉塞223,なし,なし,なし,なし,,,,,,,,,,,,,,TH62_16F,TH61_1F,L,TH2T
下り閉塞237,O,4灯YG式,日野森下り場内6L,なし,なし,なし,なし,,,,,,,,,,,,,,,,なし,なし
下り閉塞241,O,4灯YG式,下り閉塞237,なし,なし,なし,なし,,,,,,,,,,,,,,,,なし,なし
下り閉塞245,O,4灯YG式,下り閉塞241,なし,なし,なし,なし,,,,,,,,,,,,,,,,なし,なし
下り閉塞249,O,4灯YG式,下り閉塞245,なし,なし,なし,なし,,,,,,,,,,,,,,,,なし,なし
下り閉塞267,O,3灯式,西赤山下り場内13L,なし,なし,なし,なし,,,,,,,,,,,,,,TH59_14F,TH58_1F,L,NA1T
下り閉塞277,O,3灯式,下り閉塞267,なし,なし,なし,なし,,,,,,,,,,,,,,TH59_14F,TH58_1F,L,NA2T
下り閉塞287,X,4灯YG式,赤山町下り場内9L,なし,なし,なし,なし,,,,,,,,,,,,,,,,なし,なし
下り閉塞295,X,4灯YG式,なし,なし,なし,なし,なし,,,,,,,,,,,,,,,,なし,なし
下り閉塞305,X,4灯YG式,なし,なし,なし,なし,なし,,,,,,,,,,,,,,,,なし,なし
下り閉塞311,X,4灯YG式,なし,なし,なし,なし,なし,,,,,,,,,,,,,,,,なし,なし
下り閉塞313,X,4灯YG式,なし,なし,なし,なし,なし,,,,,,,,,,,,,,,,なし,なし
下り閉塞317,X,4灯YG式,なし,なし,なし,なし,なし,,,,,,,,,,,,,,,,なし,なし
下り閉塞323,X,4灯YG式,なし,なし,なし,なし,なし,,,,,,,,,,,,,,,,なし,なし
下り閉塞333,X,4灯YG式,なし,なし,なし,なし,なし,,,,,,,,,,,,,,,,なし,なし
下り閉塞335,X,4灯YG式,なし,なし,なし,なし,なし,,,,,,,,,,,,,,,,なし,なし
下り閉塞341,X,4灯YG式,なし,なし,なし,なし,なし,,,,,,,,,,,,,,,,なし,なし
下り閉塞351,X,4灯YG式,なし,なし,なし,なし,なし,,,,,,,,,,,,,,,,なし,なし
下り閉塞365,X,4灯YG式,なし,なし,なし,なし,なし,,,,,,,,,,,,,,,,なし,なし
下り閉塞377,X,4灯YG式,なし,なし,なし,なし,なし,,,,,,,,,,,,,,,,なし,なし
下り閉塞389,X,4灯YG式,なし,なし,なし,なし,なし,,,,,,,,,,,,,,,,なし,なし
下り閉塞397,X,4灯YG式,なし,なし,なし,なし,なし,,,,,,,,,,,,,,,,なし,なし
下り閉塞403,X,4灯YG式,なし,なし,なし,なし,なし,,,,,,,,,,,,,,,,なし,なし
下り閉塞405,X,4灯YG式,なし,なし,なし,なし,なし,,,,,,,,,,,,,,,,なし,なし
下り閉塞419,X,4灯YG式,なし,なし,なし,なし,なし,,,,,,,,,,,,,,,,なし,なし
下り閉塞425,X,4灯YG式,なし,なし,なし,なし,なし,,,,,,,,,,,,,,,,なし,なし
