軌道回路DB名,上り信号機1,上り信号機2,上り信号機3,上り信号機4,上り信号機5,←上り 下り→,下り信号機1,下り信号機2,下り信号機3,下り信号機4,下り信号機5,,防護無線ゾーン,,所属駅ID1,所属駅ID2,所属駅ID3,,隣接軌道回路1,隣接軌道回路2,隣接軌道回路3,隣接軌道回路4,隣接軌道回路5
AS1T,上り閉塞282,なし,なし,なし,なし,,赤山町下り場内9L,なし,なし,なし,なし,,,,TH58,,,,TH58_9LT,AS2T,なし,なし,なし
AS2T,三郷上り場内12R,なし,なし,なし,なし,,下り閉塞287,なし,なし,なし,なし,,,,TH58,,,,AS1T,なし,なし,なし,なし
DF1T,上り閉塞172,なし,なし,なし,なし,,大道寺下り場内13LC,大道寺下り場内13LD,なし,なし,なし,,7,,TH65,TH64,,,TH65_XT,DF2T,なし,なし,なし
DF2T,藤江上り場内12R,藤江上り場内13R,なし,なし,なし,,下り閉塞171,なし,なし,なし,なし,,7,,TH65,TH64,TH63,,DF1T,TH64_21T,なし,なし,なし
FMT,水越上り場内12R,水越上り場内13R,なし,なし,なし,,藤江下り場内14L,藤江下り場内15L,なし,なし,なし,,8,,TH64,TH63,,,TH64_22T,TH63_21イT,なし,なし,なし
JR1LT,なし,なし,なし,なし,なし,,なし,なし,なし,なし,なし,,,,,,,,なし,なし,なし,なし,なし
JR1RT,なし,なし,なし,なし,なし,,なし,なし,なし,なし,なし,,,,,,,,なし,なし,なし,なし,なし
JR3LT,なし,なし,なし,なし,なし,,なし,なし,なし,なし,なし,,,,,,,,なし,なし,なし,なし,なし
JR3RT,なし,なし,なし,なし,なし,,なし,なし,なし,なし,なし,,,,,,,,なし,なし,なし,なし,なし
JR上り1T,なし,なし,なし,なし,なし,,なし,なし,なし,なし,なし,,,,,,,,なし,なし,なし,なし,なし
JR上り2T,なし,なし,なし,なし,なし,,なし,なし,なし,なし,なし,,,,,,,,なし,なし,なし,なし,なし
JR上り3T,なし,なし,なし,なし,なし,,なし,なし,なし,なし,なし,,,,,,,,なし,なし,なし,なし,なし
JR上り4T,なし,なし,なし,なし,なし,,なし,なし,なし,なし,なし,,,,,,,,なし,なし,なし,なし,なし
JR上り5T,なし,なし,なし,なし,なし,,なし,なし,なし,なし,なし,,,,,,,,なし,なし,なし,なし,なし
JR上り浜園手前T,なし,なし,なし,なし,なし,,なし,なし,なし,なし,なし,,,,,,,,なし,なし,なし,なし,なし
JR下り1T,なし,なし,なし,なし,なし,,なし,なし,なし,なし,なし,,,,,,,,なし,なし,なし,なし,なし
JR下り2T,なし,なし,なし,なし,なし,,なし,なし,なし,なし,なし,,,,,,,,なし,なし,なし,なし,なし
JR下り3T,なし,なし,なし,なし,なし,,なし,なし,なし,なし,なし,,,,,,,,なし,なし,なし,なし,なし
JR下り4T,なし,なし,なし,なし,なし,,なし,なし,なし,なし,なし,,,,,,,,なし,なし,なし,なし,なし
JR下り5T,なし,なし,なし,なし,なし,,なし,なし,なし,なし,なし,,,,,,,,なし,なし,なし,なし,なし
KST,なし,なし,なし,なし,なし,,なし,なし,なし,なし,なし,,,,,,,,なし,なし,なし,なし,なし
MFT,なし,なし,なし,なし,なし,,なし,なし,なし,なし,なし,,,,,,,,なし,なし,なし,なし,なし
MT1T,上り閉塞204,なし,なし,なし,なし,,水越下り場内14L,水越下り場内15L,なし,なし,なし,,8,,TH64,TH63,TH62,,TH63_22ロT,MT2T,なし,なし,なし
MT2T,高見沢上り場内12R,高見沢上り場内13R,なし,なし,なし,,下り閉塞203,なし,なし,なし,なし,,8,,TH63,TH62,,,MT1T,TH62_21T,なし,なし,なし
NA1T,上り閉塞268,なし,なし,なし,なし,,西赤山下り場内13L,なし,なし,なし,なし,,11,,TH59,TH58,,,TH59_21ロT,NA2T,なし,なし,なし
NA2T,赤山町上り場内2RA,赤山町上り場内2RB,赤山町上り場内2RC,なし,なし,,下り閉塞267,なし,なし,なし,なし,,11,,TH59,TH58,,,NA1T,TH58_2RT,なし,なし,なし
NMT,なし,なし,なし,なし,なし,,なし,なし,なし,なし,なし,,,,,,,,なし,なし,なし,なし,なし
SNT,なし,なし,なし,なし,なし,,なし,なし,なし,なし,なし,,,,,,,,なし,なし,なし,なし,なし
TH1T,上り閉塞224,なし,なし,なし,なし,,高見沢下り場内14L,高見沢下り場内15L,なし,なし,なし,,9,,TH62,TH61,,,TH62_22T,TH2T,なし,なし,なし
TH2T,日野森上り場内2RA,日野森上り場内2RB,なし,なし,なし,,下り閉塞223,なし,なし,なし,なし,,9,,TH62,TH61,,,TH1T,TH61_2RT,なし,なし,なし
TK1T,なし,なし,なし,なし,なし,,なし,なし,なし,なし,なし,,,,,,,,なし,なし,なし,なし,なし
TK2T,なし,なし,なし,なし,なし,,なし,なし,なし,なし,なし,,,,,,,,なし,なし,なし,なし,なし
TH45_1RAT,なし,なし,なし,なし,なし,,なし,なし,なし,なし,なし,,,,TH45,,,,なし,なし,なし,なし,なし
TH45_1RT,なし,なし,なし,なし,なし,,なし,なし,なし,なし,なし,,,,TH45,,,,なし,なし,なし,なし,なし
TH45_2RT,なし,なし,なし,なし,なし,,なし,なし,なし,なし,なし,,,,TH45,,,,なし,なし,なし,なし,なし
TH45_3RT,なし,なし,なし,なし,なし,,なし,なし,なし,なし,なし,,,,TH45,,,,なし,なし,なし,なし,なし
TH45_9LT,なし,なし,なし,なし,なし,,なし,なし,なし,なし,なし,,,,TH45,,,,なし,なし,なし,なし,なし
TH45_10LT,なし,なし,なし,なし,なし,,なし,なし,なし,なし,なし,,,,TH45,,,,なし,なし,なし,なし,なし
TH45_21イT,なし,なし,なし,なし,なし,,なし,なし,なし,なし,なし,,,,TH45,,,,なし,なし,なし,なし,なし
TH45_21ロT,なし,なし,なし,なし,なし,,なし,なし,なし,なし,なし,,,,TH45,,,,なし,なし,なし,なし,なし
TH45_22イT,なし,なし,なし,なし,なし,,なし,なし,なし,なし,なし,,,,TH45,,,,なし,なし,なし,なし,なし
TH45_22ロT,なし,なし,なし,なし,なし,,なし,なし,なし,なし,なし,,,,TH45,,,,なし,なし,なし,なし,なし
TH45_23イT,なし,なし,なし,なし,なし,,なし,なし,なし,なし,なし,,,,TH45,,,,なし,なし,なし,なし,なし
TH45_23ロT,なし,なし,なし,なし,なし,,なし,なし,なし,なし,なし,,,,TH45,,,,なし,なし,なし,なし,なし
TH45_24T,なし,なし,なし,なし,なし,,なし,なし,なし,なし,なし,,,,TH45,,,,なし,なし,なし,なし,なし
TH45_OST,なし,なし,なし,なし,なし,,なし,なし,なし,なし,なし,,,,TH45,,,,なし,なし,なし,なし,なし
TH45_SST,なし,なし,なし,なし,なし,,なし,なし,なし,なし,なし,,,,TH45,,,,なし,なし,なし,なし,なし
TH46_1RAT,なし,なし,なし,なし,なし,,なし,なし,なし,なし,なし,,,,TH46,,,,なし,なし,なし,なし,なし
TH46_1RT,なし,なし,なし,なし,なし,,なし,なし,なし,なし,なし,,,,TH46,,,,なし,なし,なし,なし,なし
TH46_2RT,なし,なし,なし,なし,なし,,なし,なし,なし,なし,なし,,,,TH46,,,,なし,なし,なし,なし,なし
TH46_3RT,なし,なし,なし,なし,なし,,なし,なし,なし,なし,なし,,,,TH46,,,,なし,なし,なし,なし,なし
TH46_10LT,なし,なし,なし,なし,なし,,なし,なし,なし,なし,なし,,,,TH46,,,,なし,なし,なし,なし,なし
TH46_11LT,なし,なし,なし,なし,なし,,なし,なし,なし,なし,なし,,,,TH46,,,,なし,なし,なし,なし,なし
TH46_12LT,なし,なし,なし,なし,なし,,なし,なし,なし,なし,なし,,,,TH46,,,,なし,なし,なし,なし,なし
TH46_31T,なし,なし,なし,なし,なし,,なし,なし,なし,なし,なし,,,,TH46,,,,なし,なし,なし,なし,なし
TH46_32イT,なし,なし,なし,なし,なし,,なし,なし,なし,なし,なし,,,,TH46,,,,なし,なし,なし,なし,なし
TH46_32ロT,なし,なし,なし,なし,なし,,なし,なし,なし,なし,なし,,,,TH46,,,,なし,なし,なし,なし,なし
TH46_33T,なし,なし,なし,なし,なし,,なし,なし,なし,なし,なし,,,,TH46,,,,なし,なし,なし,なし,なし
TH46_34T,なし,なし,なし,なし,なし,,なし,なし,なし,なし,なし,,,,TH46,,,,なし,なし,なし,なし,なし
TH46_35T,なし,なし,なし,なし,なし,,なし,なし,なし,なし,なし,,,,TH46,,,,なし,なし,なし,なし,なし
TH46_36T,なし,なし,なし,なし,なし,,なし,なし,なし,なし,なし,,,,TH46,,,,なし,なし,なし,なし,なし
TH46_37T,なし,なし,なし,なし,なし,,なし,なし,なし,なし,なし,,,,TH46,,,,なし,なし,なし,なし,なし
TH46_OST,なし,なし,なし,なし,なし,,なし,なし,なし,なし,なし,,,,TH46,,,,なし,なし,なし,なし,なし
TH46_TST,なし,なし,なし,なし,なし,,なし,なし,なし,なし,なし,,,,TH46,,,,なし,なし,なし,なし,なし
TH48_1RBT,なし,なし,なし,なし,なし,,なし,なし,なし,なし,なし,,,,TH48,,,,なし,なし,なし,なし,なし
TH48_1RCT,なし,なし,なし,なし,なし,,なし,なし,なし,なし,なし,,,,TH48,,,,なし,なし,なし,なし,なし
TH48_1RDT,なし,なし,なし,なし,なし,,なし,なし,なし,なし,なし,,,,TH48,,,,なし,なし,なし,なし,なし
TH48_1RT,なし,なし,なし,なし,なし,,なし,なし,なし,なし,なし,,,,TH48,,,,なし,なし,なし,なし,なし
TH48_4LT,なし,なし,なし,なし,なし,,なし,なし,なし,なし,なし,,,,TH48,,,,なし,なし,なし,なし,なし
TH48_8LT,なし,なし,なし,なし,なし,,なし,なし,なし,なし,なし,,,,TH48,,,,なし,なし,なし,なし,なし
TH48_9LAT,なし,なし,なし,なし,なし,,なし,なし,なし,なし,なし,,,,TH48,,,,なし,なし,なし,なし,なし
TH48_9LET,なし,なし,なし,なし,なし,,なし,なし,なし,なし,なし,,,,TH48,,,,なし,なし,なし,なし,なし
TH48_9LT,なし,なし,なし,なし,なし,,なし,なし,なし,なし,なし,,,,TH48,,,,なし,なし,なし,なし,なし
TH48_21T,なし,なし,なし,なし,なし,,なし,なし,なし,なし,なし,,,,TH48,,,,なし,なし,なし,なし,なし
TH48_22イT,なし,なし,なし,なし,なし,,なし,なし,なし,なし,なし,,,,TH48,,,,なし,なし,なし,なし,なし
TH48_22ロT,なし,なし,なし,なし,なし,,なし,なし,なし,なし,なし,,,,TH48,,,,なし,なし,なし,なし,なし
TH48_23T,なし,なし,なし,なし,なし,,なし,なし,なし,なし,なし,,,,TH48,,,,なし,なし,なし,なし,なし
TH48_24T,なし,なし,なし,なし,なし,,なし,なし,なし,なし,なし,,,,TH48,,,,なし,なし,なし,なし,なし
TH48_25イT,なし,なし,なし,なし,なし,,なし,なし,なし,なし,なし,,,,TH48,,,,なし,なし,なし,なし,なし
TH48_25ロT,なし,なし,なし,なし,なし,,なし,なし,なし,なし,なし,,,,TH48,,,,なし,なし,なし,なし,なし
TH48_26T,なし,なし,なし,なし,なし,,なし,なし,なし,なし,なし,,,,TH48,,,,なし,なし,なし,なし,なし
TH48_27イT,なし,なし,なし,なし,なし,,なし,なし,なし,なし,なし,,,,TH48,,,,なし,なし,なし,なし,なし
TH48_27ロT,なし,なし,なし,なし,なし,,なし,なし,なし,なし,なし,,,,TH48,,,,なし,なし,なし,なし,なし
TH48_SST,なし,なし,なし,なし,なし,,なし,なし,なし,なし,なし,,,,TH48,,,,なし,なし,なし,なし,なし
TH48_TST,なし,なし,なし,なし,なし,,なし,なし,なし,なし,なし,,,,TH48,,,,なし,なし,なし,なし,なし
TH50_12RT,なし,なし,なし,なし,なし,,なし,なし,なし,なし,なし,,,,TH50,,,,なし,なし,なし,なし,なし
TH50_14LT,なし,なし,なし,なし,なし,,なし,なし,なし,なし,なし,,,,TH50,,,,なし,なし,なし,なし,なし
TH50_23LT,なし,なし,なし,なし,なし,,なし,なし,なし,なし,なし,,,,TH50,,,,なし,なし,なし,なし,なし
TH50_24LT,なし,なし,なし,なし,なし,,なし,なし,なし,なし,なし,,,,TH50,,,,なし,なし,なし,なし,なし
TH50_31イT,なし,なし,なし,なし,なし,,なし,なし,なし,なし,なし,,,,TH50,,,,なし,なし,なし,なし,なし
TH50_31ロT,なし,なし,なし,なし,なし,,なし,なし,なし,なし,なし,,,,TH50,,,,なし,なし,なし,なし,なし
TH50_33T,なし,なし,なし,なし,なし,,なし,なし,なし,なし,なし,,,,TH50,,,,なし,なし,なし,なし,なし
TH50_33イT,なし,なし,なし,なし,なし,,なし,なし,なし,なし,なし,,,,TH50,,,,なし,なし,なし,なし,なし
TH50_34イT,なし,なし,なし,なし,なし,,なし,なし,なし,なし,なし,,,,TH50,,,,なし,なし,なし,なし,なし
TH50_34ロT,なし,なし,なし,なし,なし,,なし,なし,なし,なし,なし,,,,TH50,,,,なし,なし,なし,なし,なし
TH50_TST,なし,なし,なし,なし,なし,,なし,なし,なし,なし,なし,,,,TH50,,,,なし,なし,なし,なし,なし
TH51_12RT,なし,なし,なし,なし,なし,,なし,なし,なし,なし,なし,,,,TH51,,,,なし,なし,なし,なし,なし
TH51_15LT,なし,なし,なし,なし,なし,,なし,なし,なし,なし,なし,,,,TH51,,,,なし,なし,なし,なし,なし
TH51_21イT,なし,なし,なし,なし,なし,,なし,なし,なし,なし,なし,,,,TH51,,,,なし,なし,なし,なし,なし
TH51_21ロT,なし,なし,なし,なし,なし,,なし,なし,なし,なし,なし,,,,TH51,,,,なし,なし,なし,なし,なし
TH51_22イT,なし,なし,なし,なし,なし,,なし,なし,なし,なし,なし,,,,TH51,,,,なし,なし,なし,なし,なし
TH51_22ロT,なし,なし,なし,なし,なし,,なし,なし,なし,なし,なし,,,,TH51,,,,なし,なし,なし,なし,なし
TH52_12RT,なし,なし,なし,なし,なし,,なし,なし,なし,なし,なし,,,,TH52,,,,なし,なし,なし,なし,なし
TH52_15LT,なし,なし,なし,なし,なし,,なし,なし,なし,なし,なし,,,,TH52,,,,なし,なし,なし,なし,なし
TH52_21T,なし,なし,なし,なし,なし,,なし,なし,なし,なし,なし,,,,TH52,,,,なし,なし,なし,なし,なし
TH52_22イT,なし,なし,なし,なし,なし,,なし,なし,なし,なし,なし,,,,TH52,,,,なし,なし,なし,なし,なし
TH52_22ロT,なし,なし,なし,なし,なし,,なし,なし,なし,なし,なし,,,,TH52,,,,なし,なし,なし,なし,なし
TH53_12LT,なし,なし,なし,なし,なし,,なし,なし,なし,なし,なし,,,,TH53,,,,なし,なし,なし,なし,なし
TH53_12RT,なし,なし,なし,なし,なし,,なし,なし,なし,なし,なし,,,,TH53,,,,なし,なし,なし,なし,なし
TH53_13LT,なし,なし,なし,なし,なし,,なし,なし,なし,なし,なし,,,,TH53,,,,なし,なし,なし,なし,なし
TH53_14RT,なし,なし,なし,なし,なし,,なし,なし,なし,なし,なし,,,,TH53,,,,なし,なし,なし,なし,なし
TH53_15LT,なし,なし,なし,なし,なし,,なし,なし,なし,なし,なし,,,,TH53,,,,なし,なし,なし,なし,なし
TH53_15RT,なし,なし,なし,なし,なし,,なし,なし,なし,なし,なし,,,,TH53,,,,なし,なし,なし,なし,なし
TH53_21T,なし,なし,なし,なし,なし,,なし,なし,なし,なし,なし,,,,TH53,,,,なし,なし,なし,なし,なし
TH53_22T,なし,なし,なし,なし,なし,,なし,なし,なし,なし,なし,,,,TH53,,,,なし,なし,なし,なし,なし
TH54_12RT,なし,なし,なし,なし,なし,,なし,なし,なし,なし,なし,,,,TH54,,,,なし,なし,なし,なし,なし
TH54_15LT,なし,なし,なし,なし,なし,,なし,なし,なし,なし,なし,,,,TH54,,,,なし,なし,なし,なし,なし
TH54_21イT,なし,なし,なし,なし,なし,,なし,なし,なし,なし,なし,,,,TH54,,,,なし,なし,なし,なし,なし
TH54_21ロT,なし,なし,なし,なし,なし,,なし,なし,なし,なし,なし,,,,TH54,,,,なし,なし,なし,なし,なし
TH54_22イT,なし,なし,なし,なし,なし,,なし,なし,なし,なし,なし,,,,TH54,,,,なし,なし,なし,なし,なし
TH54_22ロT,なし,なし,なし,なし,なし,,なし,なし,なし,なし,なし,,,,TH54,,,,なし,なし,なし,なし,なし
TH55S_11LT,なし,なし,なし,なし,なし,,なし,なし,なし,なし,なし,,,,TH55S,,,,なし,なし,なし,なし,なし
TH55S_11RT,なし,なし,なし,なし,なし,,なし,なし,なし,なし,なし,,,,TH55S,,,,なし,なし,なし,なし,なし
TH55S_21イT,なし,なし,なし,なし,なし,,なし,なし,なし,なし,なし,,,,TH55S,,,,なし,なし,なし,なし,なし
TH55S_21ロT,なし,なし,なし,なし,なし,,なし,なし,なし,なし,なし,,,,TH55S,,,,なし,なし,なし,なし,なし
TH57_12RT,なし,なし,なし,なし,なし,,なし,なし,なし,なし,なし,,,,TH57,,,,なし,なし,なし,なし,なし
TH57_13RT,なし,なし,なし,なし,なし,,なし,なし,なし,なし,なし,,,,TH57,,,,なし,なし,なし,なし,なし
TH57_14LT,なし,なし,なし,なし,なし,,なし,なし,なし,なし,なし,,,,TH57,TH58,,,なし,なし,なし,なし,なし
TH57_21T,なし,なし,なし,なし,なし,,なし,なし,なし,なし,なし,,,,TH57,TH58,,,なし,なし,なし,なし,なし
TH58_2RAT,赤山町上り出発6R,赤山町入換31R,なし,なし,なし,,赤山町下り出発3L,なし,なし,なし,なし,,11,,TH58,TH59,,,TH58_21T,なし,なし,なし,なし
TH58_2RBT,赤山町上り出発7R,なし,なし,なし,なし,,赤山町下り出発4L,なし,なし,なし,なし,,11,,TH58,TH59,,,TH58_22イT,なし,なし,なし,なし
TH58_2RT,赤山町上り出発6R,赤山町上り出発7R,赤山町上り出発8R,赤山町入換31R,なし,,下り閉塞277,なし,なし,なし,なし,,11,,TH58,TH59,,,NA2T,TH58_21T,なし,なし,なし
TH58_9LCT,赤山町上り出発8R,なし,なし,なし,なし,,赤山町下り出発5L,なし,なし,なし,なし,,11,,TH58,TH59,,,TH58_22ロT,TH58_25T,なし,なし,なし
TH58_9LT,上り閉塞282,なし,なし,なし,なし,,赤山町下り出発3L,赤山町下り出発4L,赤山町下り出発5L,なし,なし,,11,,TH58,TH59,,,TH58_25T,AS1T,なし,なし,なし
TH58_21T,赤山町上り出発6R,赤山町上り出発7R,赤山町上り出発8R,赤山町入換31R,なし,,下り閉塞277,なし,なし,なし,なし,,11,,TH58,TH59,,,TH58_2RT,TH58_2RAT,TH58_2RBT,なし,なし
TH58_22イT,赤山町上り出発7R,なし,なし,なし,なし,,下り閉塞277,なし,なし,なし,なし,,11,,TH58,TH59,,,TH58_21T,TH58_22ロT,TH58_2RBT,なし,なし
TH58_22ロT,赤山町上り出発8R,なし,なし,なし,なし,,下り閉塞277,なし,なし,なし,なし,,11,,TH58,TH59,,,TH58_9LCT,TH58_22イT,なし,なし,なし
TH58_23イT,上り閉塞282,なし,なし,なし,なし,,赤山町下り出発3L,なし,なし,なし,なし,,11,,TH58,TH59,,,TH58_2RAT,TH58_23ロT,TH58_24T,なし,なし
TH58_23ロT,上り閉塞282,なし,なし,なし,なし,,赤山町下り出発4L,なし,なし,なし,なし,,11,,TH58,TH59,,,TH58_2RBT,TH58_23イT,TH58_25T,なし,なし
TH58_24T,なし,なし,なし,なし,なし,,赤山町下り出発3L,なし,なし,なし,なし,,11,,TH58,,,,TH58_23イT,TH58_DT,TH58_ET,なし,なし
TH58_25T,上り閉塞282,なし,なし,なし,なし,,赤山町下り出発3L,赤山町下り出発4L,赤山町下り出発5L,なし,なし,,11,,TH58,TH59,,,TH58_23ロT,TH58_9LCT,TH58_9LT,なし,なし
TH58_DT,なし,なし,なし,なし,なし,,赤山町入換32L,なし,なし,なし,なし,,11,,TH58,,,,TH58_24T,なし,なし,なし,なし
TH58_ET,なし,なし,なし,なし,なし,,赤山町入換33L,なし,なし,なし,なし,,11,,TH58,,,,TH58_24T,なし,なし,なし,なし
TH59_11RT,西赤山上り出発13R,なし,なし,なし,なし,,なし,なし,なし,なし,なし,,10,,TH59,TH58,,,上り250T,TH59_21イT,なし,なし,なし
TH59_12LT,なし,なし,なし,なし,なし,,下り閉塞249,なし,なし,なし,なし,,10,,TH59,TH61,,,TH59_13LT,下り249T,なし,なし,なし
TH59_13LT,なし,なし,なし,なし,なし,,西赤山下り出発12L,なし,なし,なし,なし,,10,,TH59,,,,TH59_12LT,TH59_21ロT,なし,なし,なし
TH59_21イT,上り閉塞258,なし,なし,なし,なし,,なし,なし,なし,なし,なし,,10,,TH59,TH58,,,TH59_11RT,TH59_21ロT,なし,なし,なし
TH59_21ロT,上り閉塞258,なし,なし,なし,なし,,西赤山下り出発12L,なし,なし,なし,なし,,10,,TH59,TH58,,,TH59_13LT,TH59_21イT,NA1T,なし,なし
TH61_2RAT,なし,なし,なし,なし,なし,,日野森下り出発3L,なし,なし,なし,なし,,9,,TH61,TH62,,,TH61_22T,なし,なし,なし,なし
TH61_2RBT,日野森上り出発5R,なし,なし,なし,なし,,なし,なし,なし,なし,なし,,9,,TH61,,,,TH61_22T,TH61_5RT,なし,なし,なし
TH61_2RT,日野森上り出発5R,なし,なし,なし,なし,,下り閉塞227,なし,なし,なし,なし,,9,,TH61,TH62,,,TH2T,TH61_21イT,なし,なし,なし
TH61_5RT,上り閉塞238,なし,なし,なし,なし,,なし,なし,なし,なし,なし,,9,,TH61,TH59,,,TH61_2RBT,上り238T,なし,なし,なし
TH61_6LT,なし,なし,なし,なし,なし,,日野森下り出発4L,なし,なし,なし,なし,,9,,TH61,TH62,,,TH61_21ロT,下り237T,なし,なし,なし
TH61_21イT,日野森上り出発5R,なし,なし,なし,なし,,下り閉塞227,なし,なし,なし,なし,,9,,TH61,TH62,,,TH61_2RT,TH61_21ロT,TH61_22T,なし,なし
TH61_21ロT,なし,なし,なし,なし,なし,,下り閉塞227,なし,なし,なし,なし,,9,,TH61,TH62,,,TH61_6LT,TH61_21イT,なし,なし,なし
TH61_22T,日野森上り出発5R,なし,なし,なし,なし,,下り閉塞227,なし,なし,なし,なし,,9,,TH61,TH62,,,TH61_21イT,TH61_2RAT,TH61_2RBT,なし,なし
TH62_12LT,高見沢上り出発14R,なし,なし,なし,なし,,下り閉塞209,なし,なし,なし,なし,,9,,TH62,TH63,TH61,,TH62_21T,TH62_12RT,なし,なし,なし
TH62_12RT,高見沢上り出発14R,なし,なし,なし,なし,,高見沢下り出発12L,なし,なし,なし,なし,,9,,TH62,TH63,TH61,,TH62_12LT,TH62_14RT,なし,なし,なし
TH62_13LT,高見沢上り出発15R,なし,なし,なし,なし,,下り閉塞209,なし,なし,なし,なし,,9,,TH62,TH63,TH61,,TH62_21T,TH62_15LT,なし,なし,なし
TH62_14RT,上り閉塞218,なし,なし,なし,なし,,高見沢下り出発12L,なし,なし,なし,なし,,9,,TH62,TH63,TH61,,TH62_12RT,TH62_22T,なし,なし,なし
TH62_15LT,高見沢上り出発15R,なし,なし,なし,なし,,高見沢下り出発13L,なし,なし,なし,なし,,9,,TH62,TH63,TH61,,TH62_13LT,TH62_15RT,なし,なし,なし
TH62_15RT,上り閉塞218,なし,なし,なし,なし,,高見沢下り出発13L,なし,なし,なし,なし,,9,,TH62,TH63,TH61,,TH62_15LT,TH62_22T,なし,なし,なし
TH62_21T,高見沢上り出発14R,なし,なし,なし,なし,,下り閉塞209,なし,なし,なし,なし,,9,,TH62,TH63,TH61,,MT2T,TH62_12LT,TH62_13LT,なし,なし
TH62_22T,上り閉塞218,なし,なし,なし,なし,,高見沢下り出発13L,なし,なし,なし,なし,,9,,TH62,TH63,TH61,,TH62_14RT,TH62_15RT,TH1T,なし,なし
TH63_12RT,水越上り出発14R,なし,なし,なし,なし,,水越下り出発12L,なし,なし,なし,なし,,8,,TH63,TH64,,,TH63_21イT,TH63_22イT,なし,なし,なし
TH63_15LT,水越上り出発15R,なし,なし,なし,なし,,水越下り出発13L,なし,なし,なし,なし,,8,,TH63,TH64,,,TH63_21ロT,TH63_22ロT,なし,なし,なし
TH63_21イT,水越上り出発14R,水越上り出発15R,なし,なし,なし,,下り閉塞193,なし,なし,なし,なし,,8,,TH63,TH64,,,FMT,TH63_21ロT,TH63_12RT,なし,なし
TH63_21ロT,水越上り出発15R,なし,なし,なし,なし,,下り閉塞193,なし,なし,なし,なし,,8,,TH63,TH64,,,TH63_15LT,TH63_21イT,なし,なし,なし
TH63_22イT,上り閉塞200,なし,なし,なし,なし,,水越下り出発12L,なし,なし,なし,なし,,8,,TH63,TH64,,,TH63_12RT,TH63_22ロT,なし,なし,なし
TH63_22ロT,上り閉塞200,なし,なし,なし,なし,,水越下り出発12L,水越下り出発13L,なし,なし,なし,,8,,TH63,TH64,,,TH63_15LT,TH63_22イT,MT1T,なし,なし
TH64_12LT,藤江上り出発14R,なし,なし,なし,なし,,下り閉塞177,なし,なし,なし,なし,,7,,TH64,TH63,,,TH64_21T,TH64_12RT,なし,なし,なし
TH64_12RT,藤江上り出発14R,なし,なし,なし,なし,,藤江下り出発12L,なし,なし,なし,なし,,7,,TH64,TH63,,,TH64_12LT,TH64_14RT,なし,なし,なし
TH64_13LT,藤江上り出発15R,なし,なし,なし,なし,,下り閉塞177,なし,なし,なし,なし,,7,,TH64,TH63,,,TH64_21T,TH64_15LT,なし,なし,なし
TH64_14RT,上り閉塞188,なし,なし,なし,なし,,藤江下り出発12L,なし,なし,なし,なし,,7,,TH64,TH63,,,TH64_12RT,TH64_22T,なし,なし,なし
TH64_15LT,藤江上り出発15R,なし,なし,なし,なし,,藤江下り出発13L,なし,なし,なし,なし,,7,,TH64,TH63,,,TH64_13LT,TH64_15RT,なし,なし,なし
TH64_15RT,上り閉塞188,なし,なし,なし,なし,,藤江下り出発13L,なし,なし,なし,なし,,7,,TH64,TH63,,,TH64_15LT,TH64_22T,なし,なし,なし
TH64_21T,藤江上り出発14R,藤江上り出発15R,なし,なし,なし,,下り閉塞177,なし,なし,なし,なし,,7,,TH64,TH63,,,DF2T,TH64_12LT,TH64_13LT,なし,なし
TH64_22T,上り閉塞188,なし,なし,なし,なし,,藤江下り出発13L,藤江下り出発12L,なし,なし,なし,,7,,TH64,TH63,,,TH64_14RT,TH64_15RT,FMT,なし,なし
TH65_1RT,大道寺上り場内2R,大道寺上り場内3R,大道寺上り場内4R,なし,なし,,なし,なし,なし,なし,なし,,6,,TH65,TH64,,,上り156T,TH65_41T,なし,なし,なし
TH65_2RT,大道寺上り出発7R,大道寺入換21R,なし,なし,なし,,なし,なし,なし,なし,なし,,6,,TH65,TH64,,,TH65_41T,TH65_49T,なし,なし,なし
TH65_3RT,大道寺入換22R,大道寺上り出発8R,なし,なし,なし,,なし,なし,なし,なし,なし,,6,,TH65,TH64,,,TH65_41T,TH65_45T,なし,なし,なし
TH65_5T,大道寺入換25R,なし,なし,なし,なし,,なし,なし,なし,なし,なし,,6,,TH65,,,,TH65_44T,なし,なし,なし,なし
TH65_6T,大道寺入換26R,なし,なし,なし,なし,,なし,なし,なし,なし,なし,,6,,TH65,,,,TH65_44T,なし,なし,なし,なし
TH65_11LT,大道寺入換23R,大道寺上り出発9R,なし,なし,なし,,大道寺下り出発5L,なし,なし,なし,なし,,6,,TH65,TH66S,TH64,,TH65_42ロT,TH65_45T,なし,なし,なし
TH65_12LT,大道寺上り出発10R,大道寺入換24R,なし,なし,なし,,大道寺下り出発6L,なし,なし,なし,なし,,6,,TH65,TH66S,TH64,,TH65_42イT,TH65_44T,なし,なし,なし
TH65_41T,大道寺上り場内2R,大道寺上り場内3R,大道寺上り場内4R,なし,なし,,なし,なし,なし,なし,なし,,6,,TH65,TH64,,,TH65_1RT,TH65_42ロT,TH65_2RT,TH65_3RT,なし
TH65_42イT,なし,なし,なし,なし,なし,,江ノ原信号場下り場内5LE,江ノ原信号場下り場内5LD,なし,なし,なし,,6,,TH65,TH66S,,,TH65_12LT,TH65_42ロT,TH65_12LT,なし,なし
TH65_42ロT,大道寺上り場内4R,なし,なし,なし,なし,,江ノ原信号場下り場内5LE,江ノ原信号場下り場内5LD,なし,なし,なし,,6,,TH65,TH66S,TH64,,TH65_41T,TH65_42イT,TH65_11LT,なし,なし
TH65_44T,大道寺入換30R,上り閉塞166,なし,なし,なし,,大道寺下り場内12L,大道寺入換28L,なし,なし,なし,,6,,TH65,TH66S,TH64,,TH65_12LT,TH65_5T,TH65_6T,TH65_48T,なし
TH65_45T,大道寺入換30R,上り閉塞166,なし,なし,なし,,大道寺下り場内11L,大道寺入換27L,なし,なし,なし,,6,,TH65,TH66S,TH64,,TH65_3RT,TH65_11LT,TH65_47T,なし,なし
TH65_47T,大道寺入換30R,上り閉塞166,なし,なし,なし,,大道寺下り場内11L,大道寺下り場内12L,大道寺入換27L,大道寺入換28L,なし,,6,,TH65,TH66S,TH64,,TH65_45T,TH65_48T,TH65_49T,なし,なし
TH65_48T,上り閉塞166,大道寺入換30R,なし,なし,なし,,大道寺下り場内11L,大道寺下り場内12L,大道寺入換27L,大道寺入換28L,なし,,6,,TH65,TH66S,TH64,,TH65_44T,TH65_47T,TH65_ET,なし,なし
TH65_49T,上り閉塞166,なし,なし,なし,なし,,大道寺下り場内11L,大道寺下り場内12L,大道寺入換27L,大道寺入換28L,なし,,6,,TH65,TH66S,TH64,,TH65_2RT,TH65_47T,TH65_50イT,なし,なし
TH65_50イT,上り閉塞166,なし,なし,なし,なし,,大道寺下り場内11L,大道寺下り場内12L,大道寺入換27L,大道寺入換28L,なし,,6,,TH65,TH66S,TH64,,TH65_49T,TH65_50ロT,TH65_XT,なし,なし
TH65_50ロT,なし,なし,なし,なし,なし,,大道寺入換29L,大道寺入換27L,大道寺入換28L,なし,なし,,6,,TH65,,,,TH65_ET,TH65_50イT,TH65_YT,なし,なし
TH65_ET,大道寺入換30R,なし,なし,なし,なし,,大道寺入換29L,なし,なし,なし,なし,,6,,TH65,,,,TH65_48T,TH65_50ロT,なし,なし,なし
TH65_TST,なし,なし,なし,なし,なし,,江ノ原信号場下り場内5LE,江ノ原信号場下り場内5LD,なし,なし,なし,,6,,TH65,TH66S,,,TH66S_5LT,TH65_42イT,なし,なし,なし
TH65_XT,上り閉塞166,なし,なし,なし,なし,,大道寺入換31L,なし,なし,なし,なし,,6,,TH65,TH66S,TH64,,TH65_50イT,なし,なし,なし,なし
TH65_YT,なし,なし,なし,なし,なし,,大道寺入換32L,なし,なし,なし,なし,,6,,TH65,,,,TH65_50ロT,なし,なし,なし,なし
TH66S_1RAT,なし,なし,なし,なし,なし,,江ノ原信号場下り出発3L,江ノ原信号場入換15L,なし,なし,なし,,6,,TH66S,,,,TH66S_56T,なし,なし,なし,なし
TH66S_1RBT,なし,なし,なし,なし,なし,,江ノ原信号場下り出発4L,江ノ原信号場入換16L,なし,なし,なし,,6,,TH66S,,,,TH66S_57T,なし,なし,なし,なし
TH66S_1RCT,上り閉塞156,なし,なし,なし,なし,,なし,なし,なし,なし,なし,,6,,TH66S,TH65,,,TH66S_55T,上り156T,なし,なし,なし
TH66S_1RT,上り閉塞156,なし,なし,なし,なし,,なし,なし,なし,なし,なし,,6,,TH66S,TH65,,,上り146T,TH66S_51ロT,なし,なし,なし
TH66S_5LDT,江ノ原信号場入換11R,なし,なし,なし,なし,,なし,なし,なし,なし,なし,,6,,TH66S,,,,TH66S_51イT,なし,なし,なし,なし
TH66S_5LET,なし,なし,なし,なし,なし,,下り閉塞151,なし,なし,なし,なし,,6,,TH66S,TH67,,,TH66S_53T,下り151T,なし,なし,なし
TH66S_5LT,なし,なし,なし,なし,なし,,下り閉塞151,なし,なし,なし,なし,,6,,TH66S,TH67,,,TH66S_53T,TH65_TST,なし,なし,なし
TH66S_13T,江ノ原信号場上り出発2R,江ノ原信号場入換13R,なし,なし,なし,,江ノ原信号場内入換,なし,なし,なし,なし,,6,,TH66S,TH65,,,TH66S_51イT,TH66S_54T,なし,なし,なし
TH66S_51イT,江ノ原信号場上り出発2R,江ノ原信号場入換13R,なし,なし,なし,,なし,なし,なし,なし,なし,,6,,TH66S,,,,TH66S_5LDT,TH66S_51ロT,TH66S_13T,なし,なし
TH66S_51ロT,上り閉塞156,なし,なし,なし,なし,,なし,なし,なし,なし,なし,,6,,TH66S,TH65,,,TH66S_1RT,TH66S_51イT,TH66S_52T,なし,なし
TH66S_52T,上り閉塞156,なし,なし,なし,なし,,下り閉塞151,なし,なし,なし,なし,,6,,TH66S,TH65,,,TH66S_51ロT,TH66S_53T,TH66S_55T,なし,なし
TH66S_53T,なし,なし,なし,なし,なし,,下り閉塞151,なし,なし,なし,なし,,6,,TH66S,TH67,,,TH66S_5LDT,TH66S_52T,TH66S_5LET,なし,なし
TH66S_54T,上り閉塞156,なし,なし,なし,なし,,下り閉塞151,なし,なし,なし,なし,,6,,TH66S,TH65,,,TH66S_13T,TH66S_55T,TH66S_57T,なし,なし
TH66S_55T,上り閉塞156,なし,なし,なし,なし,,下り閉塞151,なし,なし,なし,なし,,6,,TH66S,TH65,,,TH66S_52T,TH66S_54T,TH66S_1RCT,なし,なし
TH66S_56T,なし,なし,なし,なし,なし,,下り閉塞151,なし,なし,なし,なし,,6,,TH66S,,,,TH66S_1RAT,TH66S_57T,なし,なし,なし
TH66S_57T,なし,なし,なし,なし,なし,,下り閉塞151,なし,なし,なし,なし,,6,,TH66S,,,,TH66S_1RBT,TH66S_56T,なし,なし,なし
TH66S_1T,,,,,,,,,,,,,,,,,,,,,,,
TH66S_2T,,,,,,,,,,,,,,,,,,,,,,,
TH66S_3T,,,,,,,,,,,,,,,,,,,,,,,
TH66S_4T,,,,,,,,,,,,,,,,,,,,,,,
TH66S_5T,,,,,,,,,,,,,,,,,,,,,,,
TH66S_6T,,,,,,,,,,,,,,,,,,,,,,,
TH66S_7T,,,,,,,,,,,,,,,,,,,,,,,
TH66S_8T,,,,,,,,,,,,,,,,,,,,,,,
TH66S_9T,,,,,,,,,,,,,,,,,,,,,,,
TH66S_21T,,,,,,,,,,,,,,,,,,,,,,,
TH66S_22T,,,,,,,,,,,,,,,,,,,,,,,
TH66S_23T,,,,,,,,,,,,,,,,,,,,,,,
TH66S_27T,,,,,,,,,,,,,,,,,,,,,,,
TH66S_28T,,,,,,,,,,,,,,,,,,,,,,,
TH66S_29T,,,,,,,,,,,,,,,,,,,,,,,
TH66S_30T,,,,,,,,,,,,,,,,,,,,,,,
TH66S_61T,,,,,,,,,,,,,,,,,,,,,,,
TH66S_69T,,,,,,,,,,,,,,,,,,,,,,,
TH66S_70T,,,,,,,,,,,,,,,,,,,,,,,
TH66S_71T,,,,,,,,,,,,,,,,,,,,,,,
TH66S_72T,,,,,,,,,,,,,,,,,,,,,,,
TH66S_73T,,,,,,,,,,,,,,,,,,,,,,,
TH66S_74T,,,,,,,,,,,,,,,,,,,,,,,
TH66S_76T,,,,,,,,,,,,,,,,,,,,,,,
TH67_1RAT,新野崎上り出発8R,新野崎入換23R,なし,なし,なし,,なし,なし,なし,なし,なし,,5,,TH67,TH66S,,,TH67_32T,TH67_33イT,なし,なし,なし
TH67_1RBT,新野崎上り出発9R,新野崎入換24R,なし,なし,なし,,なし,なし,なし,なし,なし,,5,,TH67,TH66S,,,TH67_32T,TH67_33ロT,なし,なし,なし
TH67_1RT,新野崎上り出発8R,新野崎上り出発9R,なし,なし,なし,,なし,なし,なし,なし,なし,,5,,TH67,TH66S,,,上り124T,TH67_32T,なし,なし,なし
TH67_4LT,新野崎上り出発6R,なし,なし,なし,なし,,新野崎下り出発2L,なし,なし,なし,なし,,5,,TH67,TH66S,,,TH67_31T,TH67_34T,なし,なし,なし
TH67_5LT,新野崎上り出発7R,なし,なし,なし,なし,,新野崎下り出発3L,なし,なし,なし,なし,,5,,TH67,TH66S,,,TH67_31T,TH67_34T,なし,なし,なし
TH67_10LT,なし,なし,なし,なし,なし,,新野崎下り場内4L,新野崎下り場内5L,なし,なし,なし,,5,,TH67,,,,TH67_35イT,下り137T,なし,なし,なし
TH67_23RT,なし,なし,なし,なし,なし,,新野崎入換25L,なし,なし,なし,なし,,5,,TH67,,,,TH67_36ロT,なし,なし,なし,なし
TH67_31T,なし,なし,なし,なし,なし,,下り閉塞123,なし,なし,なし,なし,,5,,TH67,,,,TH67_TST,TH67_4LT,TH67_5LT,なし,なし
TH67_32T,新野崎上り出発8R,新野崎上り出発9R,なし,なし,なし,,なし,なし,なし,なし,なし,,5,,TH67,TH66S,,,TH67_1RT,TH67_1RAT,TH67_1RBT,なし,なし
TH67_33イT,上り閉塞136,なし,なし,なし,なし,,なし,なし,なし,なし,なし,,5,,TH67,TH66S,,,TH67_1RAT,TH67_33ロT,TH67_36ロT,なし,なし
TH67_33ロT,上り閉塞136,なし,なし,なし,なし,,なし,なし,なし,なし,なし,,5,,TH67,TH66S,,,TH67_1RBT,TH67_33イT,TH67_35ロT,なし,なし
TH67_34T,上り閉塞136,なし,なし,なし,なし,,新野崎下り場内4L,新野崎下り場内5L,新野崎入換21L,新野崎入換22L,なし,,5,,TH67,TH66S,,,TH67_4LT,TH67_5LT,TH67_35イT,なし,なし
TH67_35イT,上り閉塞136,なし,なし,なし,なし,,新野崎下り場内4L,新野崎下り場内5L,新野崎入換21L,新野崎入換22L,なし,,5,,TH67,TH66S,,,TH67_34T,TH67_35ロT,TH67_10LT,なし,なし
TH67_35ロT,上り閉塞136,なし,なし,なし,なし,,新野崎入換21L,新野崎入換22L,なし,なし,なし,,5,,TH67,TH66S,,,TH67_33ロT,TH67_35イT,TH67_36イT,なし,なし
TH67_36イT,上り閉塞136,なし,なし,なし,なし,,新野崎入換21L,新野崎入換22L,なし,なし,なし,,5,,TH67,TH66S,,,TH67_35ロT,TH67_36ロT,TH67_SST,なし,なし
TH67_36ロT,なし,なし,なし,なし,なし,,新野崎入換21L,新野崎入換22L,なし,なし,なし,,5,,TH67,,,,TH67_33イT,TH67_36イT,TH67_23RT,なし,なし
TH67_SST,上り閉塞136,なし,なし,なし,なし,,なし,なし,なし,なし,なし,,5,,TH67,TH66S,,,TH67_36イT,上り136T,なし,なし,なし
TH67_TST,なし,なし,なし,なし,なし,,下り閉塞123,なし,なし,なし,なし,,5,,TH67,,,,下り123T,TH67_31T,なし,なし,なし
TH70_1RAT,浜園上り出発3R,浜園入換11R,なし,なし,なし,,なし,なし,なし,なし,なし,,3,,TH70,,,,上り92T,TH70_21ロT,なし,なし,なし
TH70_2LT,なし,なし,なし,なし,なし,,下り閉塞89,なし,なし,なし,なし,,3,,TH70,TH71,,,下り89T,TH70_5LBT,なし,なし,なし
TH70_5LBT,浜園上り出発4R,なし,なし,なし,なし,,浜園下り出発2L,なし,なし,なし,なし,,3,,TH70,TH71,,,TH70_2LT,TH70_21イT,なし,なし,なし
TH70_5LT,なし,なし,なし,なし,なし,,浜園下り出発2L,なし,なし,なし,なし,,3,,TH70,TH71,,,TH70_21イT,下り103T,なし,なし,なし
TH70_21イT,上り閉塞102,なし,なし,なし,なし,,浜園下り出発2L,なし,なし,なし,なし,,3,,TH70,TH71,,,TH70_5LBT,TH70_21ロT,TH70_5LT,なし,なし
TH70_21ロT,上り閉塞102,なし,なし,なし,なし,,なし,なし,なし,なし,なし,,3,,TH70,,,,TH70_1RAT,TH70_21イT,TH70_SST,なし,なし
TH70_SST,上り閉塞102,なし,なし,なし,なし,,浜園入換12L,なし,なし,なし,なし,,3,,TH70,,,,TH70_21ロT,上り102T,なし,なし,なし
TH71_1RAT,津崎上り出発4R,なし,なし,なし,なし,,なし,なし,なし,なし,なし,,3,,TH71,TH70,,,TH71_21T,TH71_23T,なし,なし,なし
TH71_1RBT,津崎上り出発5R,なし,なし,なし,なし,,なし,なし,なし,なし,なし,,3,,TH71,TH70,,,TH71_21T,TH71_23T,なし,なし,なし
TH71_1RT,津崎上り出発4R,津崎上り出発5R,なし,なし,なし,,なし,なし,なし,なし,なし,,3,,TH71,TH70,,,上り74T,TH71_21T,なし,なし,なし
TH71_6LCT,なし,なし,なし,なし,なし,,津崎下り出発2L,なし,なし,なし,なし,,3,,TH71,,,,TH71_22T,TH71_24T,なし,なし,なし
TH71_6LDT,なし,なし,なし,なし,なし,,津崎下り出発3L,なし,なし,なし,なし,,3,,TH71,,,,TH71_22T,TH71_24T,なし,なし,なし
TH71_6LT,なし,なし,なし,なし,なし,,津崎下り出発2L,津崎下り出発3L,なし,なし,なし,,3,,TH71,,,,TH71_24T,下り89T,なし,なし,なし
TH71_21T,津崎上り出発4R,津崎上り出発5R,なし,なし,なし,,なし,なし,なし,なし,なし,,3,,TH71,TH70,,,TH71_1RT,TH71_1RAT,TH71_1RBT,なし,なし
TH71_22T,なし,なし,なし,なし,なし,,下り閉塞75,なし,なし,なし,なし,,3,,TH71,,,,TH71_TST,TH71_6LCT,TH71_6LDT,なし,なし
TH71_23T,上り閉塞86,なし,なし,なし,なし,,なし,なし,なし,なし,なし,,3,,TH71,TH70,,,TH71_1RAT,TH71_1RBT,TH71_SST,なし,なし
TH71_24T,なし,なし,なし,なし,なし,,津崎下り出発2L,津崎下り出発3L,なし,なし,なし,,3,,TH71,,,,TH71_6LCT,TH71_6LDT,TH71_6LT,なし,なし
TH71_SST,上り閉塞86,なし,なし,なし,なし,,なし,なし,なし,なし,なし,,3,,TH71,TH70,,,TH71_23T,上り86T,なし,なし,なし
TH71_TST,なし,なし,なし,なし,なし,,下り閉塞75,なし,なし,なし,なし,,3,,TH71,,,,下り75T,TH71_22T,なし,なし,なし
TH75_1RET,駒野上り場内5RA,駒野上り場内5RB,駒野入換13R,なし,なし,,なし,なし,なし,なし,なし,,1,,TH75,,,,TH75_43イT,TH75_46イT,なし,なし,なし
TH75_1RT,駒野上り場内5RA,駒野上り場内5RB,なし,なし,なし,,なし,なし,なし,なし,なし,,1,,TH75,,,,上り8T,TH75_41ロT,なし,なし,なし
TH75_4T,駒野入換24R,なし,なし,なし,なし,,駒野入換34L,なし,なし,なし,なし,,1,,TH75,,,,TH75_34LT,TH75_48T,なし,なし,なし
TH75_5RAT,駒野上り出発7R,なし,なし,なし,なし,,駒野入換15L,なし,なし,なし,なし,,1,,TH75,,,,TH75_46ロT,TH75_49イT,なし,なし,なし
TH75_5RBT,駒野上り出発8R,なし,なし,なし,なし,,なし,なし,なし,なし,なし,,1,,TH75,,,,TH75_46イT,TH75_49ロT,なし,なし,なし
TH75_5T,駒野入換25R,なし,なし,なし,なし,,駒野下り出発3L,駒野入換35L,なし,なし,なし,,1,,TH75,TH76,,,TH75_44T,TH75_48T,なし,なし,なし
TH75_6LT,なし,なし,なし,なし,なし,,駒野下り第二出発2L,駒野入換12L,なし,なし,なし,,1,,TH75,TH76,,,TH75_41イT,TH75_9LCT,なし,なし,なし
TH75_6T,駒野入換26R,なし,なし,なし,なし,,駒野下り出発4L,駒野入換36L,なし,なし,なし,,1,,TH75,TH76,,,TH75_45T,TH75_48T,なし,なし,なし
TH75_7T,駒野入換27R,なし,なし,なし,なし,,なし,なし,なし,なし,なし,,1,,TH75,,,,TH75_42イT,なし,なし,なし,なし
TH75_8T,駒野入換28R,なし,なし,なし,なし,,なし,なし,なし,なし,なし,,1,,TH75,,,,TH75_42ロT,なし,なし,なし,なし
TH75_9LCT,なし,なし,なし,なし,なし,,駒野下り出発6L,駒野入換14L,なし,なし,なし,,1,,TH75,TH76,,,TH75_50ロT,TH75_6LT,なし,なし,なし
TH75_9LT,なし,なし,なし,なし,なし,,駒野下り出発6L,なし,なし,なし,なし,,1,,TH75,TH76,,,TH75_50ロT,下り27T,なし,なし,なし
TH75_9T,駒野入換29R,なし,なし,なし,なし,,なし,なし,なし,なし,なし,,1,,TH75,,,,TH75_43ロT,なし,なし,なし,なし
TH75_34LT,駒野入換24R,なし,なし,なし,なし,,なし,なし,なし,なし,なし,,1,,TH75,,,,TH75_42イT,TH75_4T,なし,なし,なし
TH75_41イT,駒野入換13R,駒野入換25R,駒野入換26R,なし,なし,,下り閉塞9,なし,なし,なし,なし,,1,,TH75,TH76,,,TH75_TST,TH75_41ロT,TH75_6LT,なし,なし
TH75_41ロT,駒野上り場内5RA,駒野上り場内5RB,駒野入換13R,駒野入換25R,駒野入換26R,,下り閉塞9,なし,なし,なし,なし,,1,,TH75,TH76,,,TH75_1RT,TH75_43イT,TH75_41イT,なし,なし
TH75_42イT,駒野入換24R,駒野入換25R,駒野入換26R,なし,なし,,なし,なし,なし,なし,なし,,1,,TH75,,,,TH75_7T,TH75_42ロT,TH75_34LT,なし,なし
TH75_42ロT,駒野入換25R,駒野入換26R,なし,なし,なし,,なし,なし,なし,なし,なし,,1,,TH75,,,,TH75_8T,TH75_42イT,TH75_44T,なし,なし
TH75_43イT,駒野上り場内5RA,駒野上り場内5RB,駒野入換13R,駒野入換25R,駒野入換26R,,下り閉塞9,なし,なし,なし,なし,,1,,TH75,TH76,,,TH75_41ロT,TH75_43ロT,TH75_1RET,なし,なし
TH75_43ロT,駒野入換25R,駒野入換26R,なし,なし,なし,,下り閉塞9,なし,なし,なし,なし,,1,,TH75,TH76,,,TH75_9T,TH75_43イT,TH75_45T,なし,なし
TH75_44T,駒野入換25R,駒野入換26R,なし,なし,なし,,下り閉塞9,なし,なし,なし,なし,,1,,TH75,TH76,,,TH75_42ロT,TH75_45T,TH75_5T,なし,なし
TH75_45T,駒野入換25R,駒野入換26R,なし,なし,なし,,下り閉塞9,なし,なし,なし,なし,,1,,TH75,TH76,,,TH75_43ロT,TH75_44T,TH75_6T,なし,なし
TH75_46イT,駒野上り出発7R,駒野上り出発8R,なし,なし,なし,,なし,なし,なし,なし,なし,,1,,TH75,,,,TH75_1RET,TH75_46ロT,TH75_5RBT,なし,なし
TH75_46ロT,駒野上り出発7R,なし,なし,なし,なし,,駒野入換34L,駒野入換35L,駒野入換36L,なし,なし,,1,,TH75,,,,TH75_48T,TH75_5RAT,TH75_46イT,なし,なし
TH75_48T,駒野上り出発7R,なし,なし,なし,なし,,駒野入換36L,駒野入換35L,駒野入換34L,なし,なし,,1,,TH75,,,,TH75_4T,TH75_5T,TH75_6T,なし,なし
TH75_49イT,上り閉塞26,なし,なし,なし,なし,,なし,なし,なし,なし,なし,,1,,TH75,,,,TH75_5RAT,TH75_49ロT,なし,なし,なし
TH75_49ロT,上り閉塞26,なし,なし,なし,なし,,なし,なし,なし,なし,なし,,1,,TH75,,,,TH75_5RBT,TH75_49イT,TH75_50イT,なし,なし
TH75_50イT,上り閉塞26,なし,なし,なし,なし,,なし,なし,なし,なし,なし,,1,,TH75,,,,TH75_49ロT,TH75_50ロT,TH75_SST,なし,なし
TH75_50ロT,なし,なし,なし,なし,なし,,駒野下り出発6L,なし,なし,なし,なし,,1,,TH75,TH76,,,TH75_9LCT,TH75_50イT,TH75_9LT,なし,なし
TH75_SST,上り閉塞26,なし,なし,なし,なし,,なし,なし,なし,なし,なし,,1,,TH75,,,,TH75_50イT,上り26T,なし,なし,なし
TH75_TST,駒野入換11R,なし,なし,なし,なし,,下り閉塞9,なし,なし,なし,なし,,1,,TH75,TH76,,,下り9T,TH75_41イT,なし,なし,なし
TH76_5LAT,館浜上り出発1R,なし,なし,なし,なし,,なし,なし,なし,なし,なし,,1,,TH76,TH75,,,TH76_22T,なし,なし,なし,なし
TH76_5LBT,館浜上り出発2R,なし,なし,なし,なし,,なし,なし,なし,なし,なし,,1,,TH76,TH75,,,TH76_23T,なし,なし,なし,なし
TH76_5LCT,館浜上り出発3R,なし,なし,なし,なし,,なし,なし,なし,なし,なし,,1,,TH76,TH75,,,TH76_21イT,なし,なし,なし,なし
TH76_5LDT,館浜上り出発4R,なし,なし,なし,なし,,なし,なし,なし,なし,なし,,1,,TH76,TH75,,,TH76_21ロT,なし,なし,なし,なし
TH76_21イT,上り閉塞6,なし,なし,なし,なし,,なし,なし,なし,なし,なし,,1,,TH76,TH75,,,TH76_5LCT,TH76_24T,なし,なし,なし
TH76_21ロT,上り閉塞6,なし,なし,なし,なし,,なし,なし,なし,なし,なし,,1,,TH76,TH75,,,TH76_5LDT,TH76_24T,なし,なし,なし
TH76_22T,上り閉塞6,なし,なし,なし,なし,,なし,なし,なし,なし,なし,,1,,TH76,TH75,,,TH76_5LAT,TH76_26イT,TH76_26ロT,なし,なし
TH76_23T,上り閉塞6,なし,なし,なし,なし,,なし,なし,なし,なし,なし,,1,,TH76,TH75,,,TH76_5LBT,TH76_24T,TH76_25T,TH76_21イT,なし
TH76_24T,上り閉塞6,なし,なし,なし,なし,,なし,なし,なし,なし,なし,,1,,TH76,TH75,,,TH76_21ロT,TH76_23T,TH76_27T,なし,なし
TH76_25T,上り閉塞6,なし,なし,なし,なし,,なし,なし,なし,なし,なし,,1,,TH76,TH75,,,TH76_22T,TH76_23T,TH76_26イT,なし,なし
TH76_26イT,上り閉塞6,なし,なし,なし,なし,,なし,なし,なし,なし,なし,,1,,TH76,TH75,,,TH76_25T,TH76_26ロT,TH76_27T,なし,なし
TH76_26ロT,上り閉塞6,なし,なし,なし,なし,,なし,なし,なし,なし,なし,,1,,TH76,TH75,,,TH76_22T,TH76_26イT,上り6T,なし,なし
TH76_27T,なし,なし,なし,なし,なし,,なし,なし,なし,なし,なし,,1,,TH76,,,,TH76_26イT,TH76_24T,下り7T,なし,なし
上り6T,上り閉塞8,上り閉塞8中継,なし,なし,なし,,なし,なし,なし,なし,なし,,1,,TH75,,,,TH76_26ロT,上り8T,なし,なし,なし
上り8T,駒野上り場内1RD,駒野上り場内1RE,なし,なし,なし,,なし,なし,なし,なし,なし,,1,,TH75,,,,上り6T,TH75_1RT,なし,なし,なし
上り26T,上り閉塞30,なし,なし,なし,なし,,なし,なし,なし,なし,なし,,2,,,,,,TH75_SST,上り30T,なし,なし,なし
上り30T,上り閉塞36,なし,なし,なし,なし,,なし,なし,なし,なし,なし,,2,,,,,,上り26T,上り36T,なし,なし,なし
上り36T,上り閉塞42,なし,なし,なし,なし,,なし,なし,なし,なし,なし,,2,,,,,,上り30T,上り42T,なし,なし,なし
上り42T,上り閉塞48,なし,なし,なし,なし,,なし,なし,なし,なし,なし,,2,,,,,,上り36T,上り48T,なし,なし,なし
上り48T,上り閉塞56,なし,なし,なし,なし,,なし,なし,なし,なし,なし,,2,,,,,,上り42T,上り56T,なし,なし,なし
上り56T,上り閉塞62,なし,なし,なし,なし,,なし,なし,なし,なし,なし,,2,,TH71,,,,上り48T,上り62T,なし,なし,なし
上り62T,上り閉塞68,なし,なし,なし,なし,,なし,なし,なし,なし,なし,,2,,TH71,,,,上り56T,上り68T,なし,なし,なし
上り68T,上り閉塞74,なし,なし,なし,なし,,なし,なし,なし,なし,なし,,3,,TH71,,,,上り62T,上り74T,なし,なし,なし
上り74T,津崎上り場内1RA,津崎上り場内1RB,なし,なし,なし,,なし,なし,なし,なし,なし,,3,,TH71,TH70,,,上り68T,TH71_1RT,なし,なし,なし
上り86T,上り閉塞92,なし,なし,なし,なし,,なし,なし,なし,なし,なし,,3,,TH70,,,,TH71_SST,上り92T,なし,なし,なし
上り92T,浜園上り場内1R,なし,なし,なし,なし,,なし,なし,なし,なし,なし,,3,,TH70,,,,上り86T,TH70_1RAT,なし,なし,なし
上り102T,上り閉塞108,なし,なし,なし,なし,,なし,なし,なし,なし,なし,,4,,,,,,TH70_SST,上り108T,なし,なし,なし
上り108T,上り閉塞114,なし,なし,なし,なし,,なし,なし,なし,なし,なし,,4,,TH67,,,,上り102T,上り114T,なし,なし,なし
上り114T,上り閉塞120,なし,なし,なし,なし,,なし,なし,なし,なし,なし,,4,,TH67,,,,上り108T,上り120T,なし,なし,なし
上り120T,上り閉塞124,なし,なし,なし,なし,,なし,なし,なし,なし,なし,,4,,TH67,,,,上り114T,上り124T,なし,なし,なし
上り124T,新野崎上り場内1RA,新野崎上り場内1RB,なし,なし,なし,,なし,なし,なし,なし,なし,,5,,TH67,,,,上り120T,TH67_1RT,なし,なし,なし
上り136T,上り閉塞142,なし,なし,なし,なし,,なし,なし,なし,なし,なし,,5,,TH66S,,,,TH67_SST,上り142T,なし,なし,なし
上り142T,上り閉塞146,なし,なし,なし,なし,,なし,なし,なし,なし,なし,,5,,TH66S,TH65,,,上り136T,上り146T,なし,なし,なし
上り146T,江ノ原信号場上り場内1RA,江ノ原信号場上り場内1RB,江ノ原信号場上り場内1RC,なし,なし,,なし,なし,なし,なし,なし,,6,,TH66S,TH65,,,上り142T,TH66S_1RT,なし,なし,なし
上り156T,大道寺上り場内1R,なし,なし,なし,なし,,なし,なし,なし,なし,なし,,6,,TH65,,,,TH66S_1RCT,TH65_1RT,なし,なし,なし
上り238T,上り閉塞242,なし,なし,なし,なし,,なし,なし,なし,なし,なし,,10,,TH59,,,,TH61_5RT,上り242T,なし,なし,なし
上り242T,上り閉塞246,なし,なし,なし,なし,,なし,なし,なし,なし,なし,,10,,TH59,,,,上り238T,上り246T,なし,なし,なし
上り246T,上り閉塞250,なし,なし,なし,なし,,なし,なし,なし,なし,なし,,10,,TH59,,,,上り242T,上り250T,なし,なし,なし
上り250T,西赤山上り場内11R,なし,なし,なし,なし,,なし,なし,なし,なし,なし,,10,,TH59,,,,上り246T,TH59_11RT,なし,なし,なし
上り306T,なし,なし,なし,なし,なし,,なし,なし,なし,なし,なし,,,,,,,,なし,なし,なし,なし,なし
上り312T,なし,なし,なし,なし,なし,,なし,なし,なし,なし,なし,,,,,,,,なし,なし,なし,なし,なし
上り314T,なし,なし,なし,なし,なし,,なし,なし,なし,なし,なし,,,,,,,,なし,なし,なし,なし,なし
上り320T,なし,なし,なし,なし,なし,,なし,なし,なし,なし,なし,,,,,,,,なし,なし,なし,なし,なし
上り324T,なし,なし,なし,なし,なし,,なし,なし,なし,なし,なし,,,,,,,,なし,なし,なし,なし,なし
上り398T,なし,なし,なし,なし,なし,,なし,なし,なし,なし,なし,,,,,,,,なし,なし,なし,なし,なし
上り404T,なし,なし,なし,なし,なし,,なし,なし,なし,なし,なし,,,,,,,,なし,なし,なし,なし,なし
上り406T,なし,なし,なし,なし,なし,,なし,なし,なし,なし,なし,,,,,,,,なし,なし,なし,なし,なし
上り416T,なし,なし,なし,なし,なし,,なし,なし,なし,なし,なし,,,,,,,,なし,なし,なし,なし,なし
上り420T,なし,なし,なし,なし,なし,,なし,なし,なし,なし,なし,,,,,,,,なし,なし,なし,なし,なし
上り424T,なし,なし,なし,なし,なし,,なし,なし,なし,なし,なし,,,,,,,,なし,なし,なし,なし,なし
下り7T,なし,なし,なし,なし,なし,,館浜下り場内5L,なし,なし,なし,なし,,1,,TH76,,,,TH76_27T,下り9T,なし,なし,なし
下り9T,なし,なし,なし,なし,なし,,下り閉塞7,下り閉塞7中継,なし,なし,なし,,1,,TH76,,,,下り7T,TH75_TST,なし,なし,なし
下り27T,なし,なし,なし,なし,なし,,駒野下り場内9LB,駒野下り場内9LC,なし,なし,なし,,2,,TH75,TH76,,,TH75_9LT,下り35T,なし,なし,なし
下り35T,なし,なし,なし,なし,なし,,下り閉塞27,なし,なし,なし,なし,,2,,TH75,,,,下り27T,下り41T,なし,なし,なし
下り41T,なし,なし,なし,なし,なし,,下り閉塞35,なし,なし,なし,なし,,2,,TH75,,,,下り35T,下り45T,なし,なし,なし
下り45T,なし,なし,なし,なし,なし,,下り閉塞41,なし,なし,なし,なし,,2,,TH75,,,,下り41T,下り49T,なし,なし,なし
下り49T,なし,なし,なし,なし,なし,,下り閉塞45,なし,なし,なし,なし,,2,,TH75,,,,下り45T,下り55T,なし,なし,なし
下り55T,なし,なし,なし,なし,なし,,下り閉塞49,なし,なし,なし,なし,,2,,,,,,下り49T,下り59T,なし,なし,なし
下り59T,なし,なし,なし,なし,なし,,下り閉塞55,なし,なし,なし,なし,,2,,,,,,下り55T,下り67T,なし,なし,なし
下り67T,なし,なし,なし,なし,なし,,下り閉塞59,なし,なし,なし,なし,,2,,,,,,下り59T,下り71T,なし,なし,なし
下り71T,なし,なし,なし,なし,なし,,下り閉塞67,なし,なし,なし,なし,,2,,,,,,下り67T,下り75T,なし,なし,なし
下り75T,なし,なし,なし,なし,なし,,下り閉塞71,なし,なし,なし,なし,,3,,,,,,下り71T,TH71_TST,なし,なし,なし