進路名,進路鎖錠するべき軌道回路リスト,,,,,,,,,,
TH76_1R,TH76_22T,TH76_26ロT,なし,なし,なし,なし,なし,なし,なし,なし,なし
TH76_2R,TH76_23T,TH76_25T,TH76_26イT,TH76_26ロT,なし,なし,なし,なし,なし,なし,なし
TH76_3R,TH76_21イT,TH76_23T,TH76_25T,TH76_26イT,TH76_26ロT,なし,なし,なし,なし,なし,なし
TH76_4R,TH76_21ロT,TH76_24T,TH76_23T,TH76_25T,TH76_26イT,TH76_26ロT,なし,なし,なし,なし,なし
TH76_5LA,TH76_27T,TH76_26イT,TH76_25T,TH76_22T,TH76_5LAT,なし,なし,なし,なし,なし,なし
TH76_5LB,TH76_27T,TH76_26イT,TH76_25T,TH76_23T,TH76_5LBT,なし,なし,なし,なし,なし,なし
TH76_5LC,TH76_27T,TH76_24T,TH76_21ロT,TH76_21イT,TH76_5LCT,なし,なし,なし,なし,なし,なし
TH76_5LD,TH76_27T,TH76_24T,TH76_21ロT,TH76_5LDT,なし,なし,なし,なし,なし,なし,なし
TH75_1RD5,TH75_1RT,TH75_41ロT,TH75_43イT,TH75_43ロT,TH75_45T,TH75_44T,TH75_5T,なし,なし,なし,なし
TH75_1RD6,TH75_1RT,TH75_41ロT,TH75_43イT,TH75_43ロT,TH75_45T,TH75_6T,なし,なし,なし,なし,なし
TH75_1RE,TH75_1RT,TH75_41ロT,TH75_43イT,TH75_1RET,なし,なし,なし,なし,なし,なし,なし
TH75_2L,TH75_41イT,TH75_TST,なし,なし,なし,なし,なし,なし,なし,なし,なし
TH75_3L,TH75_44T,TH75_45T,TH75_43ロT,TH75_43イT,TH75_41ロT,TH75_41イT,TH75_TST,なし,なし,なし,なし
TH75_4L,TH75_45T,TH75_43ロT,TH75_43イT,TH75_41ロT,TH75_41イT,TH75_TST,なし,なし,なし,なし,なし
TH75_5RA,TH75_46イT,TH75_46ロT,TH75_5RAT,なし,なし,なし,なし,なし,なし,なし,なし
TH75_5RB,TH75_46イT,TH75_5RBT,なし,なし,なし,なし,なし,なし,なし,なし,なし
TH75_6L,TH75_6LT,なし,なし,なし,なし,なし,なし,なし,なし,なし,なし
TH75_7R,TH75_49イT,TH75_49ロT,TH75_50イT,TH75_SST,なし,なし,なし,なし,なし,なし,なし
TH75_8R,TH75_49ロT,TH75_50イT,TH75_SST,なし,なし,なし,なし,なし,なし,なし,なし
TH75_9LA,TH75_9LT,TH75_50ロT,TH75_50イT,TH75_49ロT,TH75_49イT,TH75_5RAT,なし,なし,なし,なし,なし
TH75_9LB,TH75_9LT,TH75_50ロT,TH75_50イT,TH75_49ロT,TH75_5RBT,なし,なし,なし,なし,なし,なし
TH75_9LC,TH75_9LT,TH75_50ロT,TH75_9LCT,なし,なし,なし,なし,なし,なし,なし,なし
TH75_11RD5,TH75_41イT,TH75_41ロT,TH75_43イT,TH75_43ロT,TH75_45T,TH75_44T,TH75_5T,なし,なし,なし,なし
TH75_11RD6,TH75_41イT,TH75_41ロT,TH75_43イT,TH75_43ロT,TH75_45T,TH75_6T,なし,なし,なし,なし,なし
TH75_11RE,TH75_41イT,TH75_41ロT,TH75_43イT,TH75_1RET,なし,なし,なし,なし,なし,なし,なし
TH75_12L,TH75_41イT,TH75_TST,なし,なし,なし,なし,なし,なし,なし,なし,なし
TH75_13RA,TH75_46イT,TH75_46ロT,TH75_5RAT,なし,なし,なし,なし,なし,なし,なし,なし
TH75_13RB,TH75_46イT,TH75_5RBT,なし,なし,なし,なし,なし,なし,なし,なし,なし
TH75_14L,TH75_6LT,なし,なし,なし,なし,なし,なし,なし,なし,なし,なし
TH75_15L4,TH75_46ロT,TH75_48T,TH75_4T,なし,なし,なし,なし,なし,なし,なし,なし
TH75_15LD5,TH75_46ロT,TH75_48T,TH75_5T,なし,なし,なし,なし,なし,なし,なし,なし
TH75_15LD6,TH75_46ロT,TH75_48T,TH75_6T,なし,なし,なし,なし,なし,なし,なし,なし
TH75_24R,TH75_48T,TH75_46ロT,TH75_5RAT,なし,なし,なし,なし,なし,なし,なし,なし
TH75_25R,TH75_48T,TH75_46ロT,TH75_5RAT,なし,なし,なし,なし,なし,なし,なし,なし
TH75_26R,TH75_48T,TH75_46ロT,TH75_5RAT,なし,なし,なし,なし,なし,なし,なし,なし
TH75_27R4,TH75_42イT,TH75_34LT,TH75_4T,なし,なし,なし,なし,なし,なし,なし,なし
TH75_27RD5,TH75_42イT,TH75_42ロT,TH75_44T,TH75_5T,なし,なし,なし,なし,なし,なし,なし
TH75_27RD6,TH75_42イT,TH75_42ロT,TH75_44T,TH75_45T,TH75_6T,なし,なし,なし,なし,なし,なし
TH75_28RD5,TH75_42ロT,TH75_44T,TH75_5T,なし,なし,なし,なし,なし,なし,なし,なし
TH75_28RD6,TH75_42ロT,TH75_44T,TH75_45T,TH75_6T,なし,なし,なし,なし,なし,なし,なし
TH75_29RD5,TH75_43ロT,TH75_45T,TH75_44T,TH75_5T,なし,なし,なし,なし,なし,なし,なし
TH75_29RD6,TH75_43ロT,TH75_45T,TH75_6T,なし,なし,なし,なし,なし,なし,なし,なし
TH75_34L,TH75_34LT,TH75_42イT,TH75_7T,なし,なし,なし,なし,なし,なし,なし,なし
TH75_35L7,TH75_44T,TH75_42ロT,TH75_42イT,TH75_7T,なし,なし,なし,なし,なし,なし,なし
TH75_35L8,TH75_44T,TH75_42ロT,TH75_8T,なし,なし,なし,なし,なし,なし,なし,なし
TH75_35L9,TH75_44T,TH75_45T,TH75_43ロT,TH75_9T,なし,なし,なし,なし,なし,なし,なし
TH75_35LT,TH75_44T,TH75_45T,TH75_43ロT,TH75_43イT,TH75_41ロT,TH75_41イT,TH75_TST,なし,なし,なし,なし
TH75_36L7,TH75_45T,TH75_44T,TH75_42ロT,TH75_42イT,TH75_7T,なし,なし,なし,なし,なし,なし
TH75_36L8,TH75_45T,TH75_44T,TH75_42ロT,TH75_8T,なし,なし,なし,なし,なし,なし,なし
TH75_36L9,TH75_45T,TH75_43ロT,TH75_9T,なし,なし,なし,なし,なし,なし,なし,なし
TH75_36LT,TH75_45T,TH75_43ロT,TH75_43イT,TH75_41ロT,TH75_41イT,TH75_TST,なし,なし,なし,なし,なし
TH71_1RA,TH71_1RT,TH71_21T,TH71_1RAT,なし,なし,なし,なし,なし,なし,なし,なし
TH71_1RB,TH71_1RT,TH71_21T,TH71_1RBT,なし,なし,なし,なし,なし,なし,なし,なし
TH71_2L,TH71_22T,TH71_TST,なし,なし,なし,なし,なし,なし,なし,なし,なし
TH71_3L,TH71_22T,TH71_TST,なし,なし,なし,なし,なし,なし,なし,なし,なし
TH71_4R,TH71_23T,TH71_SST,なし,なし,なし,なし,なし,なし,なし,なし,なし
TH71_5R,TH71_23T,TH71_SST,なし,なし,なし,なし,なし,なし,なし,なし,なし
TH71_6LC,TH71_6LT,TH71_24T,TH71_6LCT,なし,なし,なし,なし,なし,なし,なし,なし
TH71_6LD,TH71_6LT,TH71_24T,TH71_6LDT,なし,なし,なし,なし,なし,なし,なし,なし
TH70_1R,TH70_1RAT,なし,なし,なし,なし,なし,なし,なし,なし,なし,なし
TH70_2L,TH70_2LT,なし,なし,なし,なし,なし,なし,なし,なし,なし,なし
TH70_3R,TH70_21ロT,TH70_SST,なし,なし,なし,なし,なし,なし,なし,なし,なし
TH70_4R,TH70_21イT,TH70_21ロT,TH70_SST,なし,なし,なし,なし,なし,なし,なし,なし
TH70_5L,TH70_5LT,TH70_21イT,TH70_5LBT,なし,なし,なし,なし,なし,なし,なし,なし
TH70_11R,TH70_21ロT,TH70_SST,なし,なし,なし,なし,なし,なし,なし,なし,なし
TH70_12L,TH70_21ロT,TH70_21イT,TH70_5LBT,なし,なし,なし,なし,なし,なし,なし,なし
TH67_1RA,TH67_1RT,TH67_32T,TH67_1RAT,なし,なし,なし,なし,なし,なし,なし,なし
TH67_1RB,TH67_1RT,TH67_32T,TH67_1RBT,なし,なし,なし,なし,なし,なし,なし,なし
TH67_2L,TH67_31T,TH67_TST,なし,なし,なし,なし,なし,なし,なし,なし,なし
TH67_3L,TH67_31T,TH67_TST,なし,なし,なし,なし,なし,なし,なし,なし,なし
TH67_4L,TH67_4LT,なし,なし,なし,なし,なし,なし,なし,なし,なし,なし
TH67_4LZ,TH67_4LT,なし,なし,なし,なし,なし,なし,なし,なし,なし,なし
TH67_5L,TH67_5LT,なし,なし,なし,なし,なし,なし,なし,なし,なし,なし
TH67_5LZ,TH67_5LT,なし,なし,なし,なし,なし,なし,なし,なし,なし,なし
TH67_6R,TH67_34T,TH67_35イT,TH67_35ロT,TH67_36イT,TH67_SST,なし,なし,なし,なし,なし,なし
TH67_7R,TH67_34T,TH67_35イT,TH67_35ロT,TH67_36イT,TH67_SST,なし,なし,なし,なし,なし,なし
TH67_8R,TH67_33イT,TH67_33ロT,TH67_35ロT,TH67_36イT,TH67_SST,なし,なし,なし,なし,なし,なし
TH67_9R,TH67_33ロT,TH67_35ロT,TH67_36イT,TH67_SST,なし,なし,なし,なし,なし,なし,なし
TH67_10LSC,TH67_10LT,TH67_35イT,TH67_34T,なし,なし,なし,なし,なし,なし,なし,なし
TH67_10LSD,TH67_10LT,TH67_35イT,TH67_34T,なし,なし,なし,なし,なし,なし,なし,なし
TH67_21L,TH67_4LT,なし,なし,なし,なし,なし,なし,なし,なし,なし,なし
TH67_22L,TH67_5LT,なし,なし,なし,なし,なし,なし,なし,なし,なし,なし
TH67_23R,TH67_33イT,TH67_36ロT,TH67_23RT,なし,なし,なし,なし,なし,なし,なし,なし
TH67_24R,TH67_33ロT,TH67_35ロT,TH67_36イT,TH67_36ロT,TH67_23RT,なし,なし,なし,なし,なし,なし
TH67_25LC,TH67_36ロT,TH67_36イT,TH67_35ロT,TH67_35イT,TH67_34T,なし,なし,なし,なし,なし,なし
TH67_25LD,TH67_36ロT,TH67_36イT,TH67_35ロT,TH67_35イT,TH67_34T,なし,なし,なし,なし,なし,なし
TH66S_1RA,TH66S_1RT,TH66S_51ロT,TH66S_52T,TH66S_55T,TH66S_54T,TH66S_57T,TH66S_56T,TH66S_1RAT,なし,なし,なし
TH66S_1RB,TH66S_1RT,TH66S_51ロT,TH66S_52T,TH66S_55T,TH66S_54T,TH66S_57T,TH66S_1RBT,なし,なし,なし,なし
TH66S_1RC,TH66S_1RT,TH66S_51ロT,TH66S_52T,TH66S_55T,TH66S_1RCT,なし,なし,なし,なし,なし,なし
TH66S_2R,TH66S_54T,TH66S_55T,TH66S_1RCT,なし,なし,なし,なし,なし,なし,なし,なし
TH66S_3L,TH66S_56T,TH66S_57T,TH66S_54T,TH66S_55T,TH66S_52T,TH66S_53T,TH66S_5LET,なし,なし,なし,なし
TH66S_4L,TH66S_57T,TH66S_54T,TH66S_55T,TH66S_52T,TH66S_53T,TH66S_5LET,なし,なし,なし,なし,なし
TH66S_5LD,TH66S_5LT,TH66S_53T,TH66S_52T,TH66S_51ロT,TH66S_51イT,TH66S_5LDT,なし,なし,なし,なし,なし
TH66S_5LE,TH66S_5LT,TH66S_53T,TH66S_5LET,なし,なし,なし,なし,なし,なし,なし,なし
TH66S_11R,TH66S_51イT,TH66S_13T,なし,なし,なし,なし,なし,なし,なし,なし,なし
TH66S_13RA,TH66S_54T,TH66S_57T,TH66S_56T,TH66S_1RAT,なし,なし,なし,なし,なし,なし,なし
TH66S_13RB,TH66S_54T,TH66S_57T,TH66S_1RBT,なし,なし,なし,なし,なし,なし,なし,なし
TH66S_15LN,なし,なし,なし,なし,なし,なし,なし,なし,なし,なし,なし
TH66S_15L1,なし,なし,なし,なし,なし,なし,なし,なし,なし,なし,なし
TH66S_15L2,なし,なし,なし,なし,なし,なし,なし,なし,なし,なし,なし
TH66S_15L3,なし,なし,なし,なし,なし,なし,なし,なし,なし,なし,なし
TH66S_15L4,なし,なし,なし,なし,なし,なし,なし,なし,なし,なし,なし
TH66S_15L5,なし,なし,なし,なし,なし,なし,なし,なし,なし,なし,なし
TH66S_15L6,なし,なし,なし,なし,なし,なし,なし,なし,なし,なし,なし
TH66S_15L7,なし,なし,なし,なし,なし,なし,なし,なし,なし,なし,なし
TH66S_15L8,なし,なし,なし,なし,なし,なし,なし,なし,なし,なし,なし
TH66S_15L9,なし,なし,なし,なし,なし,なし,なし,なし,なし,なし,なし
TH66S_15L13,なし,なし,なし,なし,なし,なし,なし,なし,なし,なし,なし
TH66S_16LN,なし,なし,なし,なし,なし,なし,なし,なし,なし,なし,なし
TH66S_16L1,なし,なし,なし,なし,なし,なし,なし,なし,なし,なし,なし
TH66S_16L2,なし,なし,なし,なし,なし,なし,なし,なし,なし,なし,なし
TH66S_16L3,なし,なし,なし,なし,なし,なし,なし,なし,なし,なし,なし
TH66S_16L4,なし,なし,なし,なし,なし,なし,なし,なし,なし,なし,なし
TH66S_16L5,なし,なし,なし,なし,なし,なし,なし,なし,なし,なし,なし
TH66S_16L6,なし,なし,なし,なし,なし,なし,なし,なし,なし,なし,なし
TH66S_16L7,なし,なし,なし,なし,なし,なし,なし,なし,なし,なし,なし
TH66S_16L8,なし,なし,なし,なし,なし,なし,なし,なし,なし,なし,なし
TH66S_16L9,なし,なし,なし,なし,なし,なし,なし,なし,なし,なし,なし
TH66S_16L13,なし,なし,なし,なし,なし,なし,なし,なし,なし,なし,なし
TH65_1RTA,TH65_1RT,TH65_41T,なし,なし,なし,なし,なし,なし,なし,なし,なし
TH65_1RTB,TH65_1RT,TH65_41T,なし,なし,なし,なし,なし,なし,なし,なし,なし
TH65_1RTC,TH65_1RT,TH65_41T,TH65_42ロT,なし,なし,なし,なし,なし,なし,なし,なし
TH65_2R,TH65_2RT,なし,なし,なし,なし,なし,なし,なし,なし,なし,なし
TH65_2RZ,TH65_2RT,なし,なし,なし,なし,なし,なし,なし,なし,なし,なし
TH65_3R,TH65_3RT,なし,なし,なし,なし,なし,なし,なし,なし,なし,なし
TH65_3RZ,TH65_3RT,なし,なし,なし,なし,なし,なし,なし,なし,なし,なし
TH65_4R,TH65_11LT,なし,なし,なし,なし,なし,なし,なし,なし,なし,なし
TH65_4RZ,TH65_11LT,なし,なし,なし,なし,なし,なし,なし,なし,なし,なし
TH65_5L,TH65_42ロT,TH65_42イT,TH65_TST,なし,なし,なし,なし,なし,なし,なし,なし
TH65_6L,TH65_42イT,TH65_TST,なし,なし,なし,なし,なし,なし,なし,なし,なし
TH65_7R,TH65_49T,TH65_50イT,TH65_XT,なし,なし,なし,なし,なし,なし,なし,なし
TH65_8R,TH65_45T,TH65_47T,TH65_49T,TH65_50イT,TH65_XT,なし,なし,なし,なし,なし,なし
TH65_9R,TH65_45T,TH65_47T,TH65_49T,TH65_50イT,TH65_XT,なし,なし,なし,なし,なし,なし
TH65_10R,TH65_44T,TH65_48T,TH65_47T,TH65_49T,TH65_50イT,TH65_XT,なし,なし,なし,なし,なし
TH65_11L,TH65_11LT,なし,なし,なし,なし,なし,なし,なし,なし,なし,なし
TH65_11LZ,TH65_11LT,なし,なし,なし,なし,なし,なし,なし,なし,なし,なし
TH65_12L,TH65_12LT,なし,なし,なし,なし,なし,なし,なし,なし,なし,なし
TH65_12LZ,TH65_12LT,なし,なし,なし,なし,なし,なし,なし,なし,なし,なし
TH65_13LSC,TH65_XT,TH65_50イT,TH65_49T,TH65_47T,TH65_45T,なし,なし,なし,なし,なし,なし
TH65_13LSD,TH65_XT,TH65_50イT,TH65_49T,TH65_47T,TH65_48T,TH65_44T,なし,なし,なし,なし,なし
TH65_21RX,TH65_49T,TH65_50イT,TH65_XT,なし,なし,なし,なし,なし,なし,なし,なし
TH65_21RY,TH65_49T,TH65_50イT,TH65_50ロT,TH65_YT,なし,なし,なし,なし,なし,なし,なし
TH65_21RZX,TH65_49T,TH65_50イT,TH65_XT,なし,なし,なし,なし,なし,なし,なし,なし
TH65_21RZY,TH65_49T,TH65_50イT,TH65_50ロT,TH65_YT,なし,なし,なし,なし,なし,なし,なし
TH65_22RX,TH65_45T,TH65_47T,TH65_49T,TH65_50イT,TH65_XT,なし,なし,なし,なし,なし,なし
TH65_22RY,TH65_45T,TH65_47T,TH65_49T,TH65_50イT,TH65_50ロT,TH65_YT,なし,なし,なし,なし,なし
TH65_22RE,TH65_45T,TH65_47T,TH65_48T,TH65_ET,なし,なし,なし,なし,なし,なし,なし
TH65_22RZX,TH65_45T,TH65_47T,TH65_49T,TH65_50イT,TH65_XT,なし,なし,なし,なし,なし,なし
TH65_22RZY,TH65_45T,TH65_47T,TH65_49T,TH65_50イT,TH65_50ロT,TH65_YT,なし,なし,なし,なし,なし
TH65_23RX,TH65_45T,TH65_47T,TH65_49T,TH65_50イT,TH65_XT,なし,なし,なし,なし,なし,なし
TH65_23RY,TH65_45T,TH65_47T,TH65_49T,TH65_50イT,TH65_50ロT,TH65_YT,なし,なし,なし,なし,なし
TH65_23RE,TH65_45T,TH65_47T,TH65_48T,TH65_ET,なし,なし,なし,なし,なし,なし,なし
TH65_23RZX,TH65_45T,TH65_47T,TH65_49T,TH65_50イT,TH65_XT,なし,なし,なし,なし,なし,なし
TH65_23RZY,TH65_45T,TH65_47T,TH65_49T,TH65_50イT,TH65_50ロT,TH65_YT,なし,なし,なし,なし,なし
TH65_24RX,TH65_44T,TH65_48T,TH65_47T,TH65_49T,TH65_50イT,TH65_XT,なし,なし,なし,なし,なし
TH65_24RY,TH65_44T,TH65_48T,TH65_47T,TH65_49T,TH65_50イT,TH65_50ロT,TH65_YT,なし,なし,なし,なし
TH65_24RE,TH65_44T,TH65_48T,TH65_ET,なし,なし,なし,なし,なし,なし,なし,なし
TH65_24RZX,TH65_44T,TH65_48T,TH65_47T,TH65_49T,TH65_50イT,TH65_XT,なし,なし,なし,なし,なし
TH65_24RZY,TH65_44T,TH65_48T,TH65_47T,TH65_49T,TH65_50イT,TH65_50ロT,TH65_YT,なし,なし,なし,なし
TH65_25RX,TH65_44T,TH65_48T,TH65_47T,TH65_49T,TH65_50イT,TH65_XT,なし,なし,なし,なし,なし
TH65_25RY,TH65_44T,TH65_48T,TH65_47T,TH65_49T,TH65_50イT,TH65_50ロT,TH65_YT,なし,なし,なし,なし
TH65_25RE,TH65_44T,TH65_48T,TH65_ET,なし,なし,なし,なし,なし,なし,なし,なし
TH65_25RZX,TH65_44T,TH65_48T,TH65_47T,TH65_49T,TH65_50イT,TH65_XT,なし,なし,なし,なし,なし
TH65_25RZY,TH65_44T,TH65_48T,TH65_47T,TH65_49T,TH65_50イT,TH65_50ロT,TH65_YT,なし,なし,なし,なし
TH65_26RX,TH65_44T,TH65_48T,TH65_47T,TH65_49T,TH65_50イT,TH65_XT,なし,なし,なし,なし,なし
TH65_26RY,TH65_44T,TH65_48T,TH65_47T,TH65_49T,TH65_50イT,TH65_50ロT,TH65_YT,なし,なし,なし,なし
TH65_26RE,TH65_44T,TH65_48T,TH65_ET,なし,なし,なし,なし,なし,なし,なし,なし
TH65_26RZX,TH65_44T,TH65_48T,TH65_47T,TH65_49T,TH65_50イT,TH65_XT,なし,なし,なし,なし,なし
TH65_26RZY,TH65_44T,TH65_48T,TH65_47T,TH65_49T,TH65_50イT,TH65_50ロT,TH65_YT,なし,なし,なし,なし
TH65_27L,TH65_11LT,なし,なし,なし,なし,なし,なし,なし,なし,なし,なし
TH65_27LZ,TH65_11LT,なし,なし,なし,なし,なし,なし,なし,なし,なし,なし
TH65_28L,TH65_12LT,なし,なし,なし,なし,なし,なし,なし,なし,なし,なし
TH65_28LZ,TH65_12LT,なし,なし,なし,なし,なし,なし,なし,なし,なし,なし
TH65_29LB,TH65_48T,TH65_47T,TH65_45T,TH65_3RT,なし,なし,なし,なし,なし,なし,なし
TH65_29LSC,TH65_48T,TH65_47T,TH65_45T,なし,なし,なし,なし,なし,なし,なし,なし
TH65_29LSD,TH65_48T,TH65_44T,なし,なし,なし,なし,なし,なし,なし,なし,なし
TH65_29L5,TH65_48T,TH65_44T,TH65_5T,なし,なし,なし,なし,なし,なし,なし,なし
TH65_29L6,TH65_48T,TH65_44T,TH65_6T,なし,なし,なし,なし,なし,なし,なし,なし
TH65_29LZB,TH65_48T,TH65_47T,TH65_45T,TH65_3RT,なし,なし,なし,なし,なし,なし,なし
TH65_29LZ5,TH65_48T,TH65_44T,TH65_5T,なし,なし,なし,なし,なし,なし,なし,なし
TH65_29LZ6,TH65_48T,TH65_44T,TH65_6T,なし,なし,なし,なし,なし,なし,なし,なし
TH65_30R,TH65_50ロT,TH65_YT,なし,なし,なし,なし,なし,なし,なし,なし,なし
TH65_30RZ,TH65_50ロT,TH65_YT,なし,なし,なし,なし,なし,なし,なし,なし,なし
TH65_31LA,TH65_50イT,TH65_49T,TH65_2RT,なし,なし,なし,なし,なし,なし,なし,なし
TH65_31LB,TH65_50イT,TH65_49T,TH65_47T,TH65_45T,TH65_3RT,なし,なし,なし,なし,なし,なし
TH65_31LSC,TH65_50イT,TH65_49T,TH65_47T,TH65_45T,なし,なし,なし,なし,なし,なし,なし
TH65_31LSD,TH65_50イT,TH65_49T,TH65_47T,TH65_48T,TH65_44T,なし,なし,なし,なし,なし,なし
TH65_31L5,TH65_50イT,TH65_49T,TH65_47T,TH65_48T,TH65_44T,TH65_5T,なし,なし,なし,なし,なし
TH65_31L6,TH65_50イT,TH65_49T,TH65_47T,TH65_48T,TH65_44T,TH65_6T,なし,なし,なし,なし,なし
TH65_31LZA,TH65_50イT,TH65_49T,TH65_2RT,なし,なし,なし,なし,なし,なし,なし,なし
TH65_31LZB,TH65_50イT,TH65_49T,TH65_47T,TH65_45T,TH65_3RT,なし,なし,なし,なし,なし,なし
TH65_31LZ5,TH65_50イT,TH65_49T,TH65_47T,TH65_48T,TH65_44T,TH65_5T,なし,なし,なし,なし,なし
TH65_31LZ6,TH65_50イT,TH65_49T,TH65_47T,TH65_48T,TH65_44T,TH65_6T,なし,なし,なし,なし,なし
TH65_32LA,TH65_50ロT,TH65_50イT,TH65_49T,TH65_2RT,なし,なし,なし,なし,なし,なし,なし
TH65_32LB,TH65_50ロT,TH65_50イT,TH65_49T,TH65_47T,TH65_45T,TH65_3RT,なし,なし,なし,なし,なし
TH65_32LSC,TH65_50ロT,TH65_50イT,TH65_49T,TH65_47T,TH65_45T,なし,なし,なし,なし,なし,なし
TH65_32LSD,TH65_50ロT,TH65_50イT,TH65_49T,TH65_47T,TH65_48T,TH65_44T,なし,なし,なし,なし,なし
TH65_32LE,TH65_50ロT,TH65_ET,なし,なし,なし,なし,なし,なし,なし,なし,なし
TH65_32L5,TH65_50ロT,TH65_50イT,TH65_49T,TH65_47T,TH65_48T,TH65_44T,TH65_5T,なし,なし,なし,なし
TH65_32L6,TH65_50ロT,TH65_50イT,TH65_49T,TH65_47T,TH65_48T,TH65_44T,TH65_6T,なし,なし,なし,なし
TH65_32LZA,TH65_50ロT,TH65_50イT,TH65_49T,TH65_2RT,なし,なし,なし,なし,なし,なし,なし
TH65_32LZB,TH65_50ロT,TH65_50イT,TH65_49T,TH65_47T,TH65_45T,TH65_3RT,なし,なし,なし,なし,なし
TH65_32LZ5,TH65_50ロT,TH65_50イT,TH65_49T,TH65_47T,TH65_48T,TH65_44T,TH65_5T,なし,なし,なし,なし
TH65_32LZ6,TH65_50ロT,TH65_50イT,TH65_49T,TH65_47T,TH65_48T,TH65_44T,TH65_6T,なし,なし,なし,なし
TH64_12L,TH64_12LT,TH64_21T,なし,なし,なし,なし,なし,なし,なし,なし,なし
TH64_12R,TH64_21T,TH64_12LT,TH64_12RT,なし,なし,なし,なし,なし,なし,なし,なし
TH64_13L,TH64_13LT,TH64_21T,なし,なし,なし,なし,なし,なし,なし,なし,なし
TH64_13R,TH64_21T,TH64_13LT,TH64_15LT,なし,なし,なし,なし,なし,なし,なし,なし
TH64_14L,TH64_22T,TH64_14RT,TH64_12RT,なし,なし,なし,なし,なし,なし,なし,なし
TH64_14R,TH64_14RT,TH64_22T,なし,なし,なし,なし,なし,なし,なし,なし,なし
TH64_15L,TH64_22T,TH64_15RT,TH64_15LT,なし,なし,なし,なし,なし,なし,なし,なし
TH64_15R,TH64_15RT,TH64_22T,なし,なし,なし,なし,なし,なし,なし,なし,なし
TH63_12L,TH63_21イT,,なし,なし,なし,なし,なし,なし,なし,なし,なし
TH63_12R,TH63_21イT,TH63_12RT,なし,なし,なし,なし,なし,なし,なし,なし,なし
TH63_13L,TH63_21ロT,TH63_21イT,なし,なし,なし,なし,なし,なし,なし,なし,なし
TH63_13R,TH63_21イT,TH63_21ロT,TH63_15LT,なし,なし,なし,なし,なし,なし,なし,なし
TH63_14L,TH63_22ロT,TH63_22イT,TH63_12RT,なし,なし,なし,なし,なし,なし,なし,なし
TH63_14R,TH63_22イT,TH63_22ロT,なし,なし,なし,なし,なし,なし,なし,なし,なし
TH63_15L,TH63_22ロT,TH63_15LT,なし,なし,なし,なし,なし,なし,なし,なし,なし
TH63_15R,TH63_22ロT,なし,なし,なし,なし,なし,なし,なし,なし,なし,なし
TH62_12L,TH62_12LT,TH62_21T,なし,なし,なし,なし,なし,なし,なし,なし,なし
TH62_12R,TH62_21T,TH62_12LT,TH62_12RT,なし,なし,なし,なし,なし,なし,なし,なし
TH62_13L,TH62_13LT,TH62_21T,なし,なし,なし,なし,なし,なし,なし,なし,なし
TH62_13R,TH62_21T,TH62_13LT,TH62_15LT,なし,なし,なし,なし,なし,なし,なし,なし
TH62_14L,TH62_22T,TH62_14RT,TH62_12RT,なし,なし,なし,なし,なし,なし,なし,なし
TH62_14R,TH62_14RT,TH62_22T,なし,なし,なし,なし,なし,なし,なし,なし,なし
TH62_15L,TH62_22T,TH62_15RT,TH62_15LT,なし,なし,なし,なし,なし,なし,なし,なし
TH62_15R,TH62_15RT,TH62_22T,なし,なし,なし,なし,なし,なし,なし,なし,なし
TH61_2RA,TH61_2RT,TH61_21イT,TH61_22T,TH61_2RAT,なし,なし,なし,なし,なし,なし,なし
TH61_2RB,TH61_2RT,TH61_21イT,TH61_22T,TH61_2RBT,なし,なし,なし,なし,なし,なし,なし
TH61_3L,TH61_22T,TH61_21イT,TH61_2RT,なし,なし,なし,なし,なし,なし,なし,なし
TH61_4L,TH61_21ロT,TH61_21イT,TH61_2RT,なし,なし,なし,なし,なし,なし,なし,なし
TH61_5R,TH61_5RT,なし,なし,なし,なし,なし,なし,なし,なし,なし,なし
TH61_6L,TH61_6LT,なし,なし,なし,なし,なし,なし,なし,なし,なし,なし
TH59_11R,TH59_11RT,なし,なし,なし,なし,なし,なし,なし,なし,なし,なし
TH59_12L,TH59_12LT,なし,なし,なし,なし,なし,なし,なし,なし,なし,なし
TH59_13L,TH59_21ロT,TH59_13LT,なし,なし,なし,なし,なし,なし,なし,なし,なし
TH59_13R,TH59_21イT,TH59_21ロT,なし,なし,なし,なし,なし,なし,なし,なし,なし
TH58_2RA,TH58_2RT,TH58_21T,TH58_2RAT,なし,なし,なし,なし,なし,なし,なし,なし
TH58_2RB,TH58_2RT,TH58_21T,TH58_22イT,TH58_2RBT,なし,なし,なし,なし,なし,なし,なし
TH58_2RC,TH58_2RT,TH58_21T,TH58_22イT,TH58_22ロT,TH58_9LCT,なし,なし,なし,なし,なし,なし
TH58_3L,TH58_21T,TH58_2RT,なし,なし,なし,なし,なし,なし,なし,なし,なし
TH58_4L,TH58_22イT,TH58_21T,TH58_2RT,なし,なし,なし,なし,なし,なし,なし,なし
TH58_5L,TH58_22ロT,TH58_22イT,TH58_21T,TH58_2RT,なし,なし,なし,なし,なし,なし,なし
TH58_6R,TH58_23イT,TH58_23ロT,TH58_25T,TH58_9LT,なし,なし,なし,なし,なし,なし,なし
TH58_7R,TH58_23ロT,TH58_25T,TH58_9LT,なし,なし,なし,なし,なし,なし,なし,なし
TH58_8R,TH58_25T,TH58_9LT,なし,なし,なし,なし,なし,なし,なし,なし,なし
TH58_9LA,TH58_9LT,TH58_25T,TH58_23ロT,TH58_23イT,TH58_2RAT,なし,なし,なし,なし,なし,なし
TH58_9LB,TH58_9LT,TH58_25T,TH58_23ロT,TH58_2RBT,なし,なし,なし,なし,なし,なし,なし
TH58_9LC,TH58_9LT,TH58_25T,TH58_9LCT,なし,なし,なし,なし,なし,なし,なし,なし
TH58_31RD,TH58_23イT,TH58_24T,TH58_DT,なし,なし,なし,なし,なし,なし,なし,なし
TH58_31RE,TH58_23イT,TH58_24T,TH58_ET,なし,なし,なし,なし,なし,なし,なし,なし
TH58_32L,TH58_24T,TH58_23イT,TH58_2RAT,なし,なし,なし,なし,なし,なし,なし,なし
TH58_33L,TH58_24T,TH58_23イT,TH58_2RAT,なし,なし,なし,なし,なし,なし,なし,なし